ID,CASE_NUMBER,BLOCK,IUCR,PRIMARY_TYPE,DESCRIPTION,LOCATION_DESCRIPTION,ARREST,DOMESTIC,BEAT,DISTRICT,WARD,COMMUNITY_AREA_NUMBER,FBICODE,YEAR,LONGITUDE,LATITUDE
3512276,HK587712,047XX S KEDZIE AVE,890,THEFT,FROM BUILDING,SMALL RETAIL STORE,FALSE,FALSE,911,9,14,58,6,2004,-87.70395585,41.8074405
3406613,HK456306,009XX N CENTRAL PARK AVE,820,THEFT,$500 AND UNDER,OTHER,FALSE,FALSE,1112,11,27,23,6,2004,-87.71640551,41.89827996
8002131,HT233595,043XX S WABASH AVE,820,THEFT,$500 AND UNDER,NURSING HOME/RETIREMENT HOME,FALSE,FALSE,221,2,3,38,6,2011,-87.62464213,41.81593313
7903289,HT133522,083XX S KINGSTON AVE,840,THEFT,FINANCIAL ID THEFT: OVER $300,RESIDENCE,FALSE,FALSE,423,4,7,46,6,2010,-87.56246276,41.74366532
10402076,HZ138551,033XX W 66TH ST,820,THEFT,$500 AND UNDER,ALLEY,FALSE,FALSE,831,8,15,66,6,2016,-87.70648047,41.7734553
7732712,HS540106,006XX W CHICAGO AVE,810,THEFT,OVER $500,PARKING LOT/GARAGE(NON.RESID.),FALSE,FALSE,1323,12,27,24,6,2010,-87.64493868,41.89644677
10769475,HZ534771,050XX N KEDZIE AVE,810,THEFT,OVER $500,STREET,FALSE,FALSE,1713,17,33,14,6,2016,-87.70860008,41.97284491
4494340,HL793243,005XX E PERSHING RD,860,THEFT,RETAIL THEFT,GROCERY FOOD STORE,TRUE,FALSE,213,2,3,38,6,2005,-87.61350386,41.82387989
3778925,HL149610,100XX S WASHTENAW AVE,810,THEFT,OVER $500,STREET,FALSE,FALSE,2211,22,19,72,6,2005,-87.6891791,41.71128051
3324217,HK361551,033XX W BELMONT AVE,820,THEFT,$500 AND UNDER,SMALL RETAIL STORE,FALSE,FALSE,1733,17,35,21,6,2004,-87.71092344,41.93929582
9902691,HX552797,076XX S CICERO AVE,860,THEFT,RETAIL THEFT,DEPARTMENT STORE,TRUE,FALSE,833,8,13,65,6,2014,-87.74152854,41.75459296
7947964,HT180228,012XX S HALSTED ST,820,THEFT,$500 AND UNDER,BAR OR TAVERN,FALSE,FALSE,1232,12,25,28,6,2011,-87.64687598,41.86576126
8568365,HV243612,108XX S EMERALD AVE,820,THEFT,$500 AND UNDER,RESIDENTIAL YARD (FRONT/BACK),FALSE,FALSE,2233,22,34,49,6,2012,-87.64131567,41.69715437
5343947,HN200365,011XX S CANAL ST,842,THEFT,AGG: FINANCIAL ID THEFT,OTHER,FALSE,FALSE,131,1,2,28,6,2007,-87.63922391,41.86824272
3121541,HK108680,038XX W FLOURNOY ST,890,THEFT,FROM BUILDING,RESIDENCE PORCH/HALLWAY,FALSE,FALSE,1133,11,24,26,6,2003,-87.72178565,41.87258418
10209850,HY396729,026XX N ELSTON AVE,820,THEFT,$500 AND UNDER,PARKING LOT/GARAGE(NON.RESID.),FALSE,FALSE,1432,14,1,22,6,2015,-87.68427378,41.92974382
6866556,HR271603,089XX S STONY ISLAND AVE,860,THEFT,RETAIL THEFT,OTHER,TRUE,FALSE,413,4,8,48,6,2009,-87.58511413,41.73273081
9681782,HX332132,079XX S STATE ST,820,THEFT,$500 AND UNDER,CTA PLATFORM,FALSE,FALSE,623,6,6,44,6,2014,-87.62453842,41.75077211
9166453,HW303994,055XX W GLADYS AVE,810,THEFT,OVER $500,VACANT LOT/LAND,FALSE,FALSE,1522,15,29,25,6,2013,-87.76256886,41.87565911
7762423,HS569246,058XX W ARTHINGTON ST,880,THEFT,PURSE-SNATCHING,SIDEWALK,FALSE,FALSE,1513,15,29,25,6,2010,-87.77018245,41.8691736
10046030,HY234744,008XX N MICHIGAN AVE,860,THEFT,RETAIL THEFT,DEPARTMENT STORE,TRUE,FALSE,1833,18,42,8,6,2015,-87.62409563,41.89798294
6233210,HP320451,0000X S STATE ST,860,THEFT,RETAIL THEFT,DEPARTMENT STORE,FALSE,FALSE,123,1,42,32,6,2008,-87.62775808,41.8815977
5677874,HN484464,0000X E 69TH ST,820,THEFT,$500 AND UNDER,STREET,FALSE,FALSE,322,3,20,69,6,2007,-87.62244037,41.76920358
11230490,JB151690,036XX S ARCHER AVE,860,THEFT,RETAIL THEFT,GROCERY FOOD STORE,TRUE,FALSE,912,9,11,59,6,2018,-87.68256806,41.82737375
7172285,HR582990,060XX S HALSTED ST,810,THEFT,OVER $500,STREET,FALSE,FALSE,712,7,16,68,6,2009,-87.64491718,41.78512289
7125811,HR535632,044XX N ELSTON AVE,820,THEFT,$500 AND UNDER,ATHLETIC CLUB,FALSE,FALSE,1722,17,39,14,6,2009,-87.7310293,41.96184525
2219750,HH486939,100XX W OHARE ST,870,THEFT,POCKET-PICKING,AIRPORT/AIRCRAFT,FALSE,FALSE,1651,16,41,76,6,2002,-87.90522722,41.97629041
9296677,HW441620,066XX S WESTERN AVE,820,THEFT,$500 AND UNDER,STREET,FALSE,FALSE,832,8,15,66,6,2013,-87.68347884,41.773204
2889910,HJ561433,104XX S HALSTED ST,810,THEFT,OVER $500,PARKING LOT/GARAGE(NON.RESID.),FALSE,FALSE,2233,22,34,73,6,2003,-87.64275716,41.70445472
7173960,HR583513,079XX S PARNELL AVE,810,THEFT,OVER $500,STREET,FALSE,FALSE,621,6,17,44,6,2009,-87.63792916,41.750102
9859793,HX509438,002XX S MICHIGAN AVE,890,THEFT,FROM BUILDING,OTHER,FALSE,FALSE,113,1,42,32,6,2014,-87.62434115,41.87910409
7868443,HS681158,036XX S GILES AVE,810,THEFT,OVER $500,APARTMENT,FALSE,FALSE,212,2,2,35,6,2010,-87.61927867,41.8285016
3314082,HK350670,031XX N BROADWAY,860,THEFT,RETAIL THEFT,SMALL RETAIL STORE,FALSE,FALSE,2332,19,44,6,6,2004,-87.64438351,41.93953877
1516518,G256545,045XX S DAMEN AV,820,THEFT,$500 AND UNDER,SMALL RETAIL STORE,TRUE,FALSE,914,9,,,6,2001,-87.6754139,41.81083442
10952376,JA272438,028XX W 21ST ST,820,THEFT,$500 AND UNDER,SIDEWALK,FALSE,FALSE,1023,10,12,30,6,2017,-87.69742748,41.85372509
2000970,HH201585,024XX N MILWAUKEE AV,810,THEFT,OVER $500,BAR OR TAVERN,FALSE,FALSE,1414,14,,,6,2002,-87.70095228,41.92511408
1476982,G212935,007XX N GREEN ST,850,THEFT,ATTEMPT THEFT,MOVIE HOUSE/THEATER,FALSE,FALSE,1323,12,,,6,2001,-87.64878026,41.89614043
4273693,HL590300,009XX N SACRAMENTO BLVD,810,THEFT,OVER $500,STREET,FALSE,FALSE,1311,12,26,23,6,2005,-87.70245104,41.89867615
4067549,HL409680,069XX S SANGAMON ST,820,THEFT,$500 AND UNDER,STREET,FALSE,FALSE,733,7,17,68,6,2005,-87.64813561,41.76833059
4718689,HM324025,0000X W ELM ST,860,THEFT,RETAIL THEFT,GROCERY FOOD STORE,TRUE,FALSE,1824,18,42,8,6,2006,-87.63077557,41.903142
1845995,G662598,0000X N STATE ST,820,THEFT,$500 AND UNDER,DEPARTMENT STORE,TRUE,FALSE,122,1,,,6,2001,-87.62771491,41.88285155
8678872,HV353560,072XX S PAXTON AVE,890,THEFT,FROM BUILDING,RESIDENCE,FALSE,FALSE,333,3,5,43,6,2012,-87.57132336,41.76346691
6855661,HR261581,017XX W CERMAK RD,860,THEFT,RETAIL THEFT,GROCERY FOOD STORE,TRUE,FALSE,1034,10,25,31,6,2009,-87.66908723,41.85227488
4385612,HL680775,017XX N HERMITAGE AVE,820,THEFT,$500 AND UNDER,VEHICLE NON-COMMERCIAL,FALSE,FALSE,1433,14,32,24,6,2005,-87.67142355,41.91329017
4929211,HM543491,021XX W ROSCOE ST,810,THEFT,OVER $500,STREET,FALSE,FALSE,1913,19,32,5,6,2006,-87.68251667,41.94316683
9978032,HY167451,063XX S YALE AVE,820,THEFT,$500 AND UNDER,SIDEWALK,FALSE,FALSE,722,7,20,68,6,2015,-87.63182661,41.77979388
10190267,HY377901,026XX N MILWAUKEE AVE,810,THEFT,OVER $500,SIDEWALK,FALSE,FALSE,1412,14,35,22,6,2015,-87.70766234,41.92923973
9575333,HX225704,002XX W MONROE ST,890,THEFT,FROM BUILDING,RESTAURANT,FALSE,FALSE,122,1,2,32,6,2014,-87.63439665,41.88065311
2688426,HJ308632,017XX N AUSTIN AVE,810,THEFT,OVER $500,RESIDENCE-GARAGE,FALSE,FALSE,2531,25,29,25,6,2003,-87.77530779,41.91179756
8854340,HV528008,029XX N LAKE SHORE DR,890,THEFT,FROM BUILDING,NURSING HOME/RETIREMENT HOME,FALSE,FALSE,1934,19,44,6,6,2012,-87.63678016,41.93604616
3704662,HK801112,055XX S WELLS ST,810,THEFT,OVER $500,STREET,FALSE,FALSE,711,7,3,68,6,2004,-87.63180984,41.79344111
7724785,HS532107,065XX S ST LAWRENCE AVE,890,THEFT,FROM BUILDING,APARTMENT,FALSE,FALSE,321,3,20,42,6,2010,-87.61069831,41.77579347
10943516,JA261898,0000X N LATROBE AVE,820,THEFT,$500 AND UNDER,STREET,FALSE,FALSE,1522,15,28,25,6,2017,-87.75631908,41.88140727
11185089,JA559176,019XX S MILLARD AVE,810,THEFT,OVER $500,RESIDENCE,FALSE,FALSE,1014,10,24,29,6,2017,-87.71630954,41.85481053
11072808,JA412895,011XX N KARLOV AVE,810,THEFT,OVER $500,RESIDENTIAL YARD (FRONT/BACK),FALSE,FALSE,1111,11,37,23,6,2017,-87.728728,41.90148766
10084732,HY273740,004XX N STATE ST,820,THEFT,$500 AND UNDER,BAR OR TAVERN,FALSE,FALSE,1831,18,42,8,6,2015,-87.62799483,41.88945317
10485657,HZ224258,017XX N LUNA AVE,820,THEFT,$500 AND UNDER,STREET,FALSE,FALSE,2532,25,37,25,6,2016,-87.76431002,41.91199331
2963994,HJ652747,022XX W HARRISON ST,820,THEFT,$500 AND UNDER,STREET,FALSE,FALSE,1211,12,2,28,6,2003,-87.68195253,41.87395682
1340847,G040244,063XX N NAGLE AV,820,THEFT,$500 AND UNDER,GROCERY FOOD STORE,TRUE,FALSE,1611,16,,,6,2001,-87.78763989,41.99598354
2771112,HJ415128,037XX S WOLCOTT AVE,810,THEFT,OVER $500,VEHICLE NON-COMMERCIAL,FALSE,FALSE,922,9,11,59,6,2003,-87.67272382,41.82631315
8861185,HV534721,017XX W FULLERTON AVE,820,THEFT,$500 AND UNDER,DEPARTMENT STORE,FALSE,FALSE,1811,18,32,7,6,2012,-87.67229367,41.92509811
11143628,JA503725,058XX S ASHLAND AVE,820,THEFT,$500 AND UNDER,STREET,TRUE,FALSE,713,7,15,67,6,2017,-87.66441195,41.78732372
5214424,HM803061,029XX N ASHLAND AVE,860,THEFT,RETAIL THEFT,GROCERY FOOD STORE,TRUE,FALSE,1931,19,32,6,6,2006,-87.66850434,41.93543292
5931425,HN731220,003XX S WACKER DR,890,THEFT,FROM BUILDING,COMMERCIAL / BUSINESS OFFICE,FALSE,FALSE,111,1,2,32,6,2007,-87.63688469,41.87776207
6622100,HP691879,046XX S DREXEL BLVD,820,THEFT,$500 AND UNDER,APARTMENT,FALSE,FALSE,2123,2,4,39,6,2008,-87.60392245,41.81080062
8863261,HV537004,054XX N ASHLAND AVE,810,THEFT,OVER $500,OTHER,FALSE,TRUE,2012,20,40,77,6,2012,-87.6697502,41.98115315
6731976,HR149903,010XX W BELMONT AVE,890,THEFT,FROM BUILDING,TAVERN/LIQUOR STORE,FALSE,FALSE,1924,19,44,6,6,2009,-87.65441005,41.93990585
9664739,HX314361,018XX W 22ND PL,820,THEFT,$500 AND UNDER,STREET,FALSE,FALSE,1034,10,25,31,6,2014,-87.67231838,41.85145378
8670090,HV345270,013XX W 51ST ST,890,THEFT,FROM BUILDING,CONSTRUCTION SITE,FALSE,FALSE,933,9,16,61,6,2012,-87.65917869,41.80139327
7505841,HS308747,004XX E 95TH ST,890,THEFT,FROM BUILDING,GAS STATION,FALSE,FALSE,633,6,9,49,6,2010,-87.61384102,41.72189586
3637126,HK728309,008XX N KEDZIE AVE,820,THEFT,$500 AND UNDER,STREET,FALSE,FALSE,1121,11,27,23,6,2004,-87.70656663,41.89587761
4153041,HL005270,008XX N CICERO AVE,820,THEFT,$500 AND UNDER,GAS STATION,FALSE,FALSE,1111,11,37,25,6,2005,-87.74581479,41.8952399
10102551,HY291329,028XX W DEVON AVE,860,THEFT,RETAIL THEFT,DRUG STORE,FALSE,FALSE,2413,24,50,2,6,2015,-87.70046744,41.9975448
2988938,HJ678713,050XX S KEDZIE AVE,810,THEFT,OVER $500,PARKING LOT/GARAGE(NON.RESID.),FALSE,FALSE,821,8,14,63,6,2003,-87.70380602,41.80213772
10225755,HY412959,065XX S HOYNE AVE,820,THEFT,$500 AND UNDER,RESIDENCE,FALSE,FALSE,726,7,15,67,6,2015,-87.67622207,41.77481479
9499852,HX155070,002XX E MARQUETTE RD,810,THEFT,OVER $500,PARKING LOT/GARAGE(NON.RESID.),FALSE,FALSE,322,3,20,69,6,2014,-87.61960616,41.77289355
8727329,HV402967,062XX S MC VICKER AVE,810,THEFT,OVER $500,STREET,FALSE,FALSE,812,8,23,64,6,2012,-87.77276701,41.77917942
9682442,HX332979,042XX W 55TH ST,820,THEFT,$500 AND UNDER,APARTMENT,FALSE,TRUE,813,8,13,62,6,2014,-87.72983895,41.79314445
3013050,HJ710634,070XX S WESTERN AVE,810,THEFT,OVER $500,STREET,FALSE,FALSE,832,8,17,66,6,2003,-87.6832691,41.76565599
9509922,HX165034,109XX S CHURCH ST,820,THEFT,$500 AND UNDER,RESIDENCE,FALSE,FALSE,2212,22,19,75,6,2014,-87.66330302,41.69442233
6980726,HR385117,076XX S CICERO AVE,860,THEFT,RETAIL THEFT,SMALL RETAIL STORE,TRUE,FALSE,833,8,13,65,6,2009,-87.74152854,41.75459296
7428379,HS230912,113XX S NORMAL AVE,890,THEFT,FROM BUILDING,RESIDENCE PORCH/HALLWAY,FALSE,FALSE,2233,22,34,49,6,2010,-87.63500028,41.68826295
3808095,HL177398,026XX N ELSTON AVE,860,THEFT,RETAIL THEFT,DEPARTMENT STORE,FALSE,FALSE,1432,14,1,22,6,2005,-87.68427378,41.92974382
2405698,HH702524,025XX W FLOURNOY ST,820,THEFT,$500 AND UNDER,STREET,FALSE,FALSE,1135,11,2,28,6,2002,-87.69047017,41.8729373
11048967,JA384163,028XX N Maplewood Ave,820,THEFT,$500 AND UNDER,RESIDENCE,FALSE,FALSE,1411,14,1,21,6,2017,-87.69159758,41.93307805
2975480,HJ672058,016XX N OAKLEY AVE,820,THEFT,$500 AND UNDER,STREET,FALSE,FALSE,1434,14,1,24,6,2003,-87.68481506,41.91149502
8134254,HT368471,069XX N WOLCOTT AVE,890,THEFT,FROM BUILDING,RESIDENCE PORCH/HALLWAY,FALSE,FALSE,2424,24,49,1,6,2011,-87.67799561,42.00701239
10012707,HY202462,056XX W BYRON ST,810,THEFT,OVER $500,STREET,FALSE,FALSE,1633,16,38,15,6,2015,-87.76782401,41.95132446
9704121,HX354359,032XX S KEDZIE AVE,820,THEFT,$500 AND UNDER,CTA BUS,FALSE,FALSE,1033,10,12,30,6,2014,-87.70475217,41.83478608
10409937,HZ146741,006XX W 87TH ST,820,THEFT,$500 AND UNDER,STREET,FALSE,FALSE,622,6,21,71,6,2016,-87.64036804,41.7362964
1612358,G376790,0000X S STATE ST,820,THEFT,$500 AND UNDER,DEPARTMENT STORE,TRUE,FALSE,123,1,,,6,2001,-87.62765089,41.88199496
9612532,HX262353,084XX W BRYN MAWR AVE,820,THEFT,$500 AND UNDER,STREET,FALSE,FALSE,1614,16,41,76,6,2014,-87.83803283,41.98109971
6231712,HP317516,061XX S NARRAGANSETT AVE,820,THEFT,$500 AND UNDER,STREET,FALSE,FALSE,812,8,23,64,6,2008,-87.78137324,41.7807332
10585295,HZ335434,040XX N KEDVALE AVE,820,THEFT,$500 AND UNDER,STREET,FALSE,FALSE,1722,17,39,16,6,2016,-87.73087472,41.95483572
7865597,HS678732,063XX S HALSTED ST,820,THEFT,$500 AND UNDER,STREET,FALSE,FALSE,723,7,20,68,6,2010,-87.64477419,41.77929591
4029579,HL382289,001XX E GRAND AVE,810,THEFT,OVER $500,STREET,FALSE,FALSE,1834,18,42,8,6,2005,-87.62344844,41.89174678
4778195,HM392612,057XX N MAGNOLIA AVE,820,THEFT,$500 AND UNDER,STREET,FALSE,FALSE,2013,20,48,77,6,2006,-87.6614236,41.98603604
2522757,HH869886,048XX W NORTH AVE,820,THEFT,$500 AND UNDER,GROCERY FOOD STORE,TRUE,FALSE,2533,25,37,25,6,2002,-87.74701658,41.90961488
7054414,HR460350,062XX S PAULINA ST,820,THEFT,$500 AND UNDER,STREET,FALSE,FALSE,714,7,15,67,6,2009,-87.66667324,41.78070666
4533063,HM117889,010XX E 111TH ST,810,THEFT,OVER $500,OTHER,FALSE,FALSE,513,5,9,50,6,2006,-87.59870306,41.69249346
7166946,HR576816,045XX N KEDZIE AVE,810,THEFT,OVER $500,PARKING LOT/GARAGE(NON.RESID.),FALSE,FALSE,1724,17,33,14,6,2009,-87.70832281,41.96358994
10619033,HZ372381,023XX W JACKSON BLVD,820,THEFT,$500 AND UNDER,VEHICLE NON-COMMERCIAL,FALSE,FALSE,1225,12,2,28,6,2016,-87.68461475,41.87756686
10787573,HZ556726,005XX W 95TH ST,820,THEFT,$500 AND UNDER,STREET,FALSE,FALSE,2223,22,21,73,6,2016,-87.63748998,41.72153655
5613705,HN421595,058XX S ARCHER AVE,890,THEFT,FROM BUILDING,OTHER,FALSE,FALSE,814,8,23,56,6,2007,-87.76063592,41.79598053
3398799,HK454598,017XX N NATCHEZ AVE,820,THEFT,$500 AND UNDER,VEHICLE NON-COMMERCIAL,FALSE,FALSE,2513,25,36,25,6,2004,-87.78834715,41.91172297
2355174,HH657809,102XX S HOXIE AVE,820,THEFT,$500 AND UNDER,STREET,FALSE,FALSE,431,4,10,51,6,2002,-87.56090809,41.70949645
7646435,HS451246,023XX W ROSCOE ST,460,BATTERY,SIMPLE,SIDEWALK,TRUE,FALSE,1913,19,32,5,08B,2010,-87.68603108,41.94312358
2088541,HH316735,031XX S ASHLAND AV,460,BATTERY,SIMPLE,GROCERY FOOD STORE,FALSE,FALSE,922,9,,,08B,2002,-87.66571041,41.83638523
1778867,G597730,024XX W HADDON AV,460,BATTERY,SIMPLE,STREET,FALSE,TRUE,1312,12,,,08B,2001,-87.6893468,41.90217367
1887291,G736811,035XX W DICKENS AV,460,BATTERY,SIMPLE,RESIDENCE,FALSE,TRUE,1413,14,,,08B,2001,-87.71463465,41.91924736
8418606,HT651635,056XX W ROOSEVELT RD,486,BATTERY,DOMESTIC BATTERY SIMPLE,PARKING LOT/GARAGE(NON.RESID.),FALSE,TRUE,1513,15,29,25,08B,2011,-87.764707,41.86559007
10679671,HZ432273,035XX N ELSTON AVE,460,BATTERY,SIMPLE,DRUG STORE,FALSE,FALSE,1733,17,35,21,08B,2016,-87.70825356,41.94622144
1719296,G517474,017XX W 59 ST,460,BATTERY,SIMPLE,RESIDENCE,FALSE,TRUE,714,7,,,08B,2001,-87.66778928,41.78659414
6673746,HP746347,070XX N CALIFORNIA AVE,486,BATTERY,DOMESTIC BATTERY SIMPLE,VEHICLE NON-COMMERCIAL,FALSE,FALSE,2411,24,50,2,08B,2008,-87.69976766,42.00875095
1353618,G056330,078XX S SAWYER AV,460,BATTERY,SIMPLE,RESIDENCE PORCH/HALLWAY,TRUE,TRUE,835,8,,,08B,2001,-87.70379416,41.75124194
5979106,HN772519,081XX S GREEN ST,486,BATTERY,DOMESTIC BATTERY SIMPLE,SIDEWALK,FALSE,TRUE,613,6,21,71,08B,2007,-87.64513091,41.74626491
10562980,HZ309936,048XX S DREXEL BLVD,486,BATTERY,DOMESTIC BATTERY SIMPLE,APARTMENT,FALSE,FALSE,222,2,4,39,08B,2016,-87.60384375,41.80706791
10179921,HY368284,024XX S TROY ST,486,BATTERY,DOMESTIC BATTERY SIMPLE,APARTMENT,TRUE,TRUE,1033,10,12,30,08B,2015,-87.7038968,41.84755595
4006321,HL353697,077XX S BURNHAM AVE,460,BATTERY,SIMPLE,"SCHOOL, PUBLIC, GROUNDS",FALSE,FALSE,421,4,7,43,08B,2005,-87.55703869,41.75469107
8142216,HT375934,058XX S SANGAMON ST,486,BATTERY,DOMESTIC BATTERY SIMPLE,SIDEWALK,FALSE,TRUE,712,7,16,68,08B,2011,-87.64865431,41.78849326
10879266,JA188596,013XX W 49TH PL,454,BATTERY,AGG PO HANDS NO/MIN INJURY,APARTMENT,TRUE,FALSE,933,9,16,61,08B,2017,-87.65841301,41.80410835
4430638,HL725506,048XX N FRANCISCO AVE,484,BATTERY,PRO EMP HANDS NO/MIN INJURY,"SCHOOL, PUBLIC, BUILDING",TRUE,FALSE,2031,20,40,4,08B,2005,-87.70048881,41.96938944
8718715,HV395700,034XX W CERMAK RD,460,BATTERY,SIMPLE,SIDEWALK,FALSE,FALSE,1024,10,24,29,08B,2012,-87.71145926,41.85191936
2391105,HH696901,027XX E 75TH ST,460,BATTERY,SIMPLE,SIDEWALK,FALSE,FALSE,334,3,7,43,08B,2002,-87.55818693,41.76008039
8155450,HT390647,033XX W MAYPOLE AVE,460,BATTERY,SIMPLE,SIDEWALK,FALSE,FALSE,1123,11,28,27,08B,2011,-87.70947777,41.88358005
3710918,HK815196,023XX W OHIO ST,420,BATTERY,AGGRAVATED:KNIFE/CUTTING INSTR,APARTMENT,FALSE,FALSE,1313,12,26,24,04B,2004,-87.68598438,41.89211908
11133668,JA490957,107XX S LAFAYETTE AVE,486,BATTERY,DOMESTIC BATTERY SIMPLE,RESIDENTIAL YARD (FRONT/BACK),FALSE,TRUE,513,5,34,49,08B,2017,-87.62448396,41.69906886
3116759,HK103473,028XX N MILWAUKEE AVE,460,BATTERY,SIMPLE,SIDEWALK,FALSE,FALSE,1412,14,35,21,08B,2004,-87.71394625,41.93305809
4946261,HM556695,009XX N CENTRAL PARK AVE,430,BATTERY,AGGRAVATED: OTHER DANG WEAPON,SIDEWALK,FALSE,FALSE,1112,11,27,23,04B,2006,-87.71640292,41.89816743
2281487,HH558381,051XX W MADISON ST,486,BATTERY,DOMESTIC BATTERY SIMPLE,SIDEWALK,FALSE,TRUE,1533,15,28,25,08B,2002,-87.75397078,41.88038556
3434215,HK498590,011XX N LA SALLE DR,486,BATTERY,DOMESTIC BATTERY SIMPLE,APARTMENT,TRUE,FALSE,1824,18,43,8,08B,2004,-87.63286559,41.90214763
9806771,HX455839,096XX S WOODLAWN AVE,486,BATTERY,DOMESTIC BATTERY SIMPLE,RESIDENCE,FALSE,TRUE,511,5,8,50,08B,2014,-87.59471496,41.71976292
7287599,HR703960,047XX W SUPERIOR ST,420,BATTERY,AGGRAVATED:KNIFE/CUTTING INSTR,RESIDENCE,FALSE,FALSE,1111,11,28,25,04B,2009,-87.74411014,41.89408407
4349267,HL646682,009XX W 103RD ST,460,BATTERY,SIMPLE,CHURCH/SYNAGOGUE/PLACE OF WORSHIP,FALSE,FALSE,2232,22,34,73,08B,2005,-87.64692076,41.70688095
8771351,HV445580,034XX N HALSTED ST,460,BATTERY,SIMPLE,RESTAURANT,TRUE,FALSE,1925,19,44,6,08B,2012,-87.64941345,41.94486792
1850651,G688026,069XX S STEWART AV,430,BATTERY,AGGRAVATED: OTHER DANG WEAPON,SIDEWALK,FALSE,FALSE,732,7,,,04B,2001,-87.63490722,41.76890134
2811745,HJ466766,057XX S NORMAL BLVD,460,BATTERY,SIMPLE,SIDEWALK,FALSE,FALSE,711,7,3,68,08B,2003,-87.63775596,41.79057107
4328714,HL632721,020XX W 18TH ST,486,BATTERY,DOMESTIC BATTERY SIMPLE,APARTMENT,FALSE,TRUE,1223,12,25,31,08B,2005,-87.67673292,41.85765368
6514506,HP579910,067XX S EBERHART AVE,486,BATTERY,DOMESTIC BATTERY SIMPLE,STREET,FALSE,TRUE,321,3,20,42,08B,2008,-87.61301853,41.77255605
4424181,HL718742,007XX N LAWNDALE AVE,486,BATTERY,DOMESTIC BATTERY SIMPLE,RESIDENCE PORCH/HALLWAY,FALSE,TRUE,1112,11,27,23,08B,2005,-87.71871472,41.89418971
6644648,HP714065,014XX N MENARD AVE,486,BATTERY,DOMESTIC BATTERY SIMPLE,RESIDENCE,FALSE,TRUE,2531,25,29,25,08B,2008,-87.77065305,41.90634674
6644618,HP716225,030XX S DR MARTIN LUTHER KING JR DR,460,BATTERY,SIMPLE,"SCHOOL, PUBLIC, BUILDING",FALSE,FALSE,2112,1,2,35,08B,2008,-87.61751617,41.83981621
9337353,HW481295,016XX S ST LOUIS AVE,486,BATTERY,DOMESTIC BATTERY SIMPLE,APARTMENT,TRUE,TRUE,1021,10,24,29,08B,2013,-87.71275427,41.85844398
7759940,HS568476,033XX W 28TH ST,430,BATTERY,AGGRAVATED: OTHER DANG WEAPON,STREET,FALSE,FALSE,1032,10,22,30,04B,2010,-87.70767292,41.84083118
11277173,JB213238,022XX N PARKSIDE AVE,486,BATTERY,DOMESTIC BATTERY SIMPLE,RESIDENCE,FALSE,TRUE,2515,25,37,19,08B,2018,-87.76709866,41.92112344
7670858,HS475732,047XX W ALTGELD ST,486,BATTERY,DOMESTIC BATTERY SIMPLE,RESIDENCE,FALSE,FALSE,2521,25,31,19,08B,2010,-87.74497181,41.92624818
7787295,HS595785,079XX S ESSEX AVE,460,BATTERY,SIMPLE,SIDEWALK,FALSE,FALSE,422,4,7,46,08B,2010,-87.56380046,41.75131717
7002482,HR408597,030XX W JACKSON BLVD,486,BATTERY,DOMESTIC BATTERY SIMPLE,RESIDENCE,FALSE,TRUE,1124,11,28,27,08B,2009,-87.70266813,41.87735457
8315579,HT542713,034XX N PAULINA ST,486,BATTERY,DOMESTIC BATTERY SIMPLE,RESTAURANT,FALSE,TRUE,1924,19,32,6,08B,2011,-87.67121812,41.94382121
3867425,HL240985,025XX N HALSTED ST,460,BATTERY,SIMPLE,STREET,TRUE,FALSE,1933,19,43,7,08B,2005,-87.64884628,41.92778453
2645724,HJ254782,021XX N MAJOR AVE,430,BATTERY,AGGRAVATED: OTHER DANG WEAPON,STREET,FALSE,FALSE,2515,25,29,19,04B,2003,-87.76825913,41.91953201
3500168,HK561262,038XX W FILLMORE ST,486,BATTERY,DOMESTIC BATTERY SIMPLE,RESIDENCE,FALSE,FALSE,1133,11,24,29,08B,2004,-87.72094045,41.86804342
9068374,HW213573,072XX S STONY ISLAND AVE,486,BATTERY,DOMESTIC BATTERY SIMPLE,PARKING LOT/GARAGE(NON.RESID.),TRUE,FALSE,324,3,5,43,08B,2013,-87.58624307,41.76302702
1639049,G419948,048XX W 45 ST,460,BATTERY,SIMPLE,STREET,FALSE,FALSE,814,8,,,08B,2001,-87.74331705,41.81138164
3812293,HL177008,067XX S MORGAN ST,460,BATTERY,SIMPLE,SIDEWALK,FALSE,FALSE,724,7,17,68,08B,2005,-87.64944248,41.77194987
2961173,HJ639869,054XX S WENTWORTH AVE,460,BATTERY,SIMPLE,DEPARTMENT STORE,FALSE,FALSE,232,2,3,37,08B,2003,-87.63054249,41.79599104
4620332,HM217017,067XX S EMERALD AVE,460,BATTERY,SIMPLE,SIDEWALK,FALSE,FALSE,723,7,6,68,08B,2006,-87.64323257,41.7715944
4044375,HL388623,008XX S SPRINGFIELD AVE,460,BATTERY,SIMPLE,SIDEWALK,FALSE,FALSE,1133,11,24,26,08B,2005,-87.7228663,41.8701448
9999493,HY189363,001XX N STATE ST,460,BATTERY,SIMPLE,DEPARTMENT STORE,TRUE,FALSE,111,1,42,32,08B,2015,-87.62791546,41.88465026
7692081,HS498285,006XX W MELROSE ST,486,BATTERY,DOMESTIC BATTERY SIMPLE,APARTMENT,FALSE,TRUE,2332,19,44,6,08B,2010,-87.64534052,41.94111969
5378309,HN224900,023XX S WASHTENAW AVE,041A,BATTERY,AGGRAVATED: HANDGUN,STREET,FALSE,FALSE,1034,10,28,30,04B,2007,-87.69290967,41.84887283
6982403,HR387668,021XX W 63RD ST,460,BATTERY,SIMPLE,SIDEWALK,TRUE,FALSE,726,7,15,67,08B,2009,-87.67697216,41.77927306
2679112,HJ294892,048XX W HURON ST,460,BATTERY,SIMPLE,RESIDENCE,FALSE,FALSE,1532,15,28,25,08B,2003,-87.74693211,41.89315175
4448011,HL745027,0000X E 69TH ST,460,BATTERY,SIMPLE,STREET,TRUE,FALSE,322,3,6,69,08B,2005,-87.62455576,41.76918098
1729799,G533278,045XX S DREXEL BL,041A,BATTERY,AGGRAVATED: HANDGUN,OTHER,FALSE,FALSE,2123,2,,,04B,2001,-87.60456282,41.81158406
2495142,HH827769,050XX W DIVISION ST,460,BATTERY,SIMPLE,OTHER COMMERCIAL TRANSPORTATION,FALSE,FALSE,2533,25,37,25,08B,2002,-87.75117933,41.90229796
2341955,HH639427,005XX N WALLER AVE,460,BATTERY,SIMPLE,"SCHOOL, PUBLIC, BUILDING",FALSE,FALSE,1512,15,29,25,08B,2002,-87.76778089,41.89045993
3672175,HK771992,018XX S SAWYER AVE,460,BATTERY,SIMPLE,APARTMENT,FALSE,FALSE,1022,10,24,29,08B,2004,-87.70660101,41.85628102
2584554,HH867007,040XX W IRVING PARK RD,499,BATTERY,AGGRAVATED DOMESTIC BATTERY,RESIDENCE,TRUE,TRUE,1732,17,39,16,04B,2002,-87.72822799,41.95364179
2903068,HJ575773,016XX W MADISON ST,460,BATTERY,SIMPLE,RESIDENCE PORCH/HALLWAY,TRUE,FALSE,1211,12,2,28,08B,2003,-87.66783781,41.88144179
6720028,HR136920,014XX S BLUE ISLAND AVE,460,BATTERY,SIMPLE,CHA APARTMENT,FALSE,FALSE,1231,12,2,28,08B,2009,-87.65744617,41.86221801
8223830,HT457930,041XX W NORTH AVE,460,BATTERY,SIMPLE,SMALL RETAIL STORE,FALSE,FALSE,2534,25,30,23,08B,2011,-87.72927735,41.90984675
1363954,G070193,004XX W WRIGHTWOOD AV,460,BATTERY,SIMPLE,RESIDENCE,FALSE,FALSE,2333,19,,,08B,2001,-87.640214,41.93119046
3020236,HJ724585,015XX S HAMLIN AVE,486,BATTERY,DOMESTIC BATTERY SIMPLE,APARTMENT,FALSE,TRUE,1014,10,24,29,08B,2003,-87.72012274,41.86025361
6016285,HP121474,026XX N HALSTED ST,460,BATTERY,SIMPLE,STREET,FALSE,FALSE,1933,19,43,7,08B,2008,-87.64891033,41.92970038
1465880,G198370,0000X N PINE AV,430,BATTERY,AGGRAVATED: OTHER DANG WEAPON,RESIDENCE,FALSE,TRUE,1522,15,,,04B,2001,-87.76309792,41.88181984
3017838,HJ723825,044XX S DREXEL BLVD,486,BATTERY,DOMESTIC BATTERY SIMPLE,APARTMENT,FALSE,TRUE,2123,2,4,39,08B,2003,-87.60447613,41.81437718
2804858,HJ458342,015XX N WELLS ST,486,BATTERY,DOMESTIC BATTERY SIMPLE,APARTMENT,FALSE,TRUE,1821,18,43,8,08B,2003,-87.63467747,41.91014987
6481371,HP558812,041XX W 57TH ST,486,BATTERY,DOMESTIC BATTERY SIMPLE,RESIDENCE,FALSE,TRUE,813,8,13,62,08B,2008,-87.7263965,41.78954227
10003235,HY192694,064XX S OAKLEY AVE,486,BATTERY,DOMESTIC BATTERY SIMPLE,APARTMENT,FALSE,FALSE,825,8,15,66,08B,2015,-87.68100012,41.77651055
5663639,HN472326,010XX N KEYSTONE AVE,486,BATTERY,DOMESTIC BATTERY SIMPLE,RESIDENCE,FALSE,TRUE,1111,11,37,23,08B,2007,-87.72744421,41.89973555
3663835,HK756778,054XX S LAFLIN ST,486,BATTERY,DOMESTIC BATTERY SIMPLE,SIDEWALK,FALSE,TRUE,932,9,16,61,08B,2004,-87.66218586,41.79509079
2423472,HH741961,010XX N WALLER AVE,486,BATTERY,DOMESTIC BATTERY SIMPLE,STREET,FALSE,TRUE,1511,15,29,25,08B,2002,-87.76798167,41.89934404
11110571,JA460432,076XX S HOMAN AVE,460,BATTERY,SIMPLE,"SCHOOL, PUBLIC, GROUNDS",FALSE,FALSE,835,8,18,70,08B,2017,-87.70746025,41.75412154
1419496,G140454,077XX S SOUTH SHORE DR,460,BATTERY,SIMPLE,APARTMENT,FALSE,FALSE,421,4,,,08B,2001,-87.55284517,41.75627357
9589300,HX239866,003XX S MOZART ST,430,BATTERY,AGGRAVATED: OTHER DANG WEAPON,SIDEWALK,FALSE,FALSE,1124,11,2,27,04B,2014,-87.6974036,41.87688097
4766490,HM378171,044XX S PRINCETON AVE,460,BATTERY,SIMPLE,STREET,TRUE,FALSE,935,9,3,37,08B,2006,-87.63350864,41.81425311
9035595,HW182288,046XX S LANGLEY AVE,486,BATTERY,DOMESTIC BATTERY SIMPLE,RESIDENCE,FALSE,TRUE,221,2,4,38,08B,2013,-87.60901434,41.81075326
10549382,HZ295843,015XX S HOMAN AVE,486,BATTERY,DOMESTIC BATTERY SIMPLE,STREET,FALSE,TRUE,1021,10,24,29,08B,2016,-87.7103668,41.86010231
5080475,HM673431,094XX S WENTWORTH AVE,420,BATTERY,AGGRAVATED:KNIFE/CUTTING INSTR,RESIDENCE,FALSE,TRUE,634,6,21,49,04B,2006,-87.62868748,41.72256142
6270946,HP352546,051XX S WOOD ST,460,BATTERY,SIMPLE,SIDEWALK,FALSE,FALSE,932,9,16,61,08B,2008,-87.66963358,41.80082022
6939024,HR286405,052XX W CONGRESS PKWY,486,BATTERY,DOMESTIC BATTERY SIMPLE,APARTMENT,FALSE,TRUE,1522,15,29,25,08B,2009,-87.75558951,41.87393649
6780581,HR195987,001XX W 75TH ST,497,BATTERY,AGGRAVATED DOMESTIC BATTERY: OTHER DANG WEAPON,SIDEWALK,TRUE,FALSE,731,7,6,69,04B,2009,-87.62865724,41.75817139
9116765,HW261668,003XX N PULASKI RD,486,BATTERY,DOMESTIC BATTERY SIMPLE,RESIDENCE,FALSE,TRUE,1114,11,28,26,08B,2013,-87.72582411,41.88619239
11137994,JA496716,008XX N WASHTENAW AVE,486,BATTERY,DOMESTIC BATTERY SIMPLE,RESIDENCE,TRUE,TRUE,1211,12,26,24,08B,2017,-87.69424841,41.89614452
11014534,JA344492,009XX E 132ND PL,486,BATTERY,DOMESTIC BATTERY SIMPLE,APARTMENT,TRUE,TRUE,533,5,9,54,08B,2017,-87.59733674,41.65527698
10584429,HZ334220,023XX W PRATT BLVD,460,BATTERY,SIMPLE,STREET,TRUE,FALSE,2412,24,50,2,08B,2016,-87.68862676,42.00505013
6806337,HR217367,051XX W KINZIE ST,486,BATTERY,DOMESTIC BATTERY SIMPLE,SIDEWALK,FALSE,TRUE,1532,15,28,25,08B,2009,-87.75348849,41.88783376
8594911,HV268964,030XX S HAYNES CT,1320,CRIMINAL DAMAGE,TO VEHICLE,STREET,FALSE,FALSE,913,9,11,60,14,2012,-87.65639763,41.83876214
11127628,JA483294,072XX S DAMEN AVE,1345,CRIMINAL DAMAGE,TO CITY OF CHICAGO PROPERTY,STREET,FALSE,FALSE,735,7,17,67,14,2017,-87.67347381,41.76252653
7937542,HT169840,029XX W 36TH ST,1310,CRIMINAL DAMAGE,TO PROPERTY,RESIDENCE-GARAGE,FALSE,FALSE,913,9,12,58,14,2011,-87.698792,41.82818901
8388644,HT621306,067XX W IMLAY ST,1320,CRIMINAL DAMAGE,TO VEHICLE,STREET,FALSE,FALSE,1611,16,41,10,14,2011,-87.796138,41.99902303
7468176,HS269736,051XX S INGLESIDE AVE,1320,CRIMINAL DAMAGE,TO VEHICLE,STREET,FALSE,TRUE,2124,2,4,41,14,2010,-87.60287886,41.80192174
3225932,HK243330,106XX S EWING AVE,1310,CRIMINAL DAMAGE,TO PROPERTY,APARTMENT,FALSE,FALSE,432,4,10,52,14,2004,-87.53528303,41.70176349
2048711,HH262924,055XX W HARRISON ST,1310,CRIMINAL DAMAGE,TO PROPERTY,SIDEWALK,FALSE,TRUE,1522,15,,,14,2002,-87.76317771,41.87284378
4303010,HL613433,023XX W AUGUSTA BLVD,1310,CRIMINAL DAMAGE,TO PROPERTY,RESIDENCE,FALSE,FALSE,1312,12,32,24,14,2005,-87.68524961,41.89940638
10079280,HY267896,115XX S STEWART AVE,1320,CRIMINAL DAMAGE,TO VEHICLE,RESIDENTIAL YARD (FRONT/BACK),FALSE,TRUE,522,5,34,53,14,2015,-87.63245993,41.68450696
5758092,HN568531,052XX S CARPENTER ST,1310,CRIMINAL DAMAGE,TO PROPERTY,RESIDENCE,FALSE,TRUE,934,9,16,61,14,2007,-87.65135838,41.79906661
7881407,HT112422,039XX S ROCKWELL ST,1310,CRIMINAL DAMAGE,TO PROPERTY,RESIDENCE,FALSE,FALSE,914,9,12,58,14,2011,-87.68970283,41.82167019
8805149,HV479133,014XX W OAKDALE AVE,1310,CRIMINAL DAMAGE,TO PROPERTY,APARTMENT,FALSE,FALSE,1932,19,32,6,14,2012,-87.66465887,41.93519105
8921352,HV592346,016XX N KILDARE AVE,1320,CRIMINAL DAMAGE,TO VEHICLE,STREET,FALSE,FALSE,2534,25,30,23,14,2012,-87.73367311,41.91042961
2325074,HH619797,019XX S MAY ST,1345,CRIMINAL DAMAGE,TO CITY OF CHICAGO PROPERTY,STREET,FALSE,FALSE,1233,12,25,31,14,2002,-87.65478711,41.85573412
10624311,HZ376709,079XX S INGLESIDE AVE,1310,CRIMINAL DAMAGE,TO PROPERTY,APARTMENT,FALSE,FALSE,624,6,8,44,14,2016,-87.60152439,41.75042201
8899397,HV573337,013XX S CHRISTIANA AVE,1310,CRIMINAL DAMAGE,TO PROPERTY,APARTMENT,FALSE,FALSE,1021,10,24,29,14,2012,-87.70925654,41.86404527
3906764,HL269210,033XX W DICKENS AVE,1320,CRIMINAL DAMAGE,TO VEHICLE,STREET,FALSE,FALSE,1413,14,26,22,14,2005,-87.71090952,41.91918058
4249096,HL567458,066XX S CALIFORNIA AVE,1310,CRIMINAL DAMAGE,TO PROPERTY,RESIDENCE,TRUE,FALSE,831,8,15,66,14,2005,-87.69323424,41.77281419
7260480,HR674429,056XX S RICHMOND ST,1310,CRIMINAL DAMAGE,TO PROPERTY,RESIDENCE,FALSE,FALSE,824,8,14,63,14,2009,-87.69738135,41.79090565
4606754,HM200888,069XX W HIGGINS AVE,1310,CRIMINAL DAMAGE,TO PROPERTY,RESIDENCE,FALSE,FALSE,1613,16,41,10,14,2006,-87.80040126,41.97969354
9817983,HX467661,013XX S HOMAN AVE,1320,CRIMINAL DAMAGE,TO VEHICLE,STREET,TRUE,TRUE,1021,10,24,29,14,2014,-87.71046084,41.86365114
9801245,HX448587,113XX S COTTAGE GROVE AVE,1320,CRIMINAL DAMAGE,TO VEHICLE,STREET,FALSE,FALSE,531,5,9,50,14,2014,-87.6108423,41.68841275
7399281,HS200939,053XX W CONGRESS PKWY,1320,CRIMINAL DAMAGE,TO VEHICLE,"SCHOOL, PUBLIC, GROUNDS",FALSE,FALSE,1522,15,29,25,14,2010,-87.7584391,41.8739014
5567780,HN335611,035XX N CICERO AVE,1305,CRIMINAL DAMAGE,CRIMINAL DEFACEMENT,RESTAURANT,FALSE,FALSE,1634,16,38,15,14,2007,-87.74704439,41.94550677
10770065,HZ535494,033XX W 38TH ST,1320,CRIMINAL DAMAGE,TO VEHICLE,STREET,FALSE,FALSE,911,9,12,58,14,2016,-87.70784072,41.82435275
9499538,HX154767,053XX N RAVENSWOOD AVE,1305,CRIMINAL DAMAGE,CRIMINAL DEFACEMENT,RESIDENCE-GARAGE,FALSE,FALSE,2012,20,40,4,14,2014,-87.67507366,41.97814597
4728934,HM337445,028XX N LARAMIE AVE,1320,CRIMINAL DAMAGE,TO VEHICLE,STREET,FALSE,TRUE,2514,25,31,19,14,2006,-87.75643821,41.93182501
4646705,HM244120,016XX W TOUHY AVE,1320,CRIMINAL DAMAGE,TO VEHICLE,STREET,FALSE,FALSE,2423,24,49,1,14,2006,-87.67115923,42.01269752
6937224,HR342598,022XX W 21ST ST,1320,CRIMINAL DAMAGE,TO VEHICLE,STREET,FALSE,FALSE,1223,12,25,31,14,2009,-87.68210466,41.85390268
3823238,HL187666,014XX W CHICAGO AVE,1310,CRIMINAL DAMAGE,TO PROPERTY,BAR OR TAVERN,TRUE,FALSE,1323,12,27,24,14,2005,-87.66428058,41.89611927
9305467,HW449676,039XX W GLADYS AVE,1310,CRIMINAL DAMAGE,TO PROPERTY,APARTMENT,FALSE,TRUE,1132,11,24,26,14,2013,-87.72410855,41.87619698
7781193,HS589302,095XX S CONSTANCE AVE,1310,CRIMINAL DAMAGE,TO PROPERTY,RESIDENCE,FALSE,TRUE,431,4,7,51,14,2010,-87.57898476,41.72177386
9491052,HX145326,027XX S SACRAMENTO AVE,1310,CRIMINAL DAMAGE,TO PROPERTY,RESIDENCE,FALSE,FALSE,1033,10,12,30,14,2014,-87.7000729,41.84229613
5744223,HN553354,056XX S PRINCETON AVE,1310,CRIMINAL DAMAGE,TO PROPERTY,RESIDENCE,FALSE,FALSE,711,7,3,68,14,2007,-87.63292413,41.79180409
6007606,HN784049,026XX W 84TH PL,1310,CRIMINAL DAMAGE,TO PROPERTY,RESIDENCE,FALSE,TRUE,835,8,18,70,14,2007,-87.68890519,41.74016294
2862972,HJ527694,042XX N SACRAMENTO AVE,1310,CRIMINAL DAMAGE,TO PROPERTY,RESIDENCE,FALSE,FALSE,1724,17,33,16,14,2003,-87.70326764,41.95830989
4700014,HM303461,040XX W CULLOM AVE,1320,CRIMINAL DAMAGE,TO VEHICLE,VEHICLE NON-COMMERCIAL,FALSE,FALSE,1722,17,39,16,14,2006,-87.72833797,41.95911707
4920006,HM535632,055XX N MC VICKER AVE,1305,CRIMINAL DAMAGE,CRIMINAL DEFACEMENT,RESIDENCE-GARAGE,FALSE,FALSE,1622,16,45,11,14,2006,-87.7792346,41.98190944
8119054,HT353855,069XX S ADA ST,1320,CRIMINAL DAMAGE,TO VEHICLE,STREET,FALSE,FALSE,734,7,17,67,14,2011,-87.6578366,41.76818496
1414626,G134016,055XX S NOTTINGHAM AV,1310,CRIMINAL DAMAGE,TO PROPERTY,RESIDENCE,FALSE,FALSE,811,8,,,14,2001,-87.79878798,41.7905386
6713046,HR125162,054XX S KARLOV AVE,1320,CRIMINAL DAMAGE,TO VEHICLE,STREET,FALSE,FALSE,815,8,23,62,14,2009,-87.72565247,41.79455215
1720702,G496261,057XX S HAMILTON AV,1310,CRIMINAL DAMAGE,TO PROPERTY,WAREHOUSE,TRUE,FALSE,715,7,,,14,2001,-87.67797972,41.79014072
3108542,HJ842548,015XX W AUGUSTA BLVD,1320,CRIMINAL DAMAGE,TO VEHICLE,STREET,FALSE,FALSE,1323,12,27,24,14,2003,-87.66615665,41.89972788
5450649,HN280980,036XX N LINCOLN AVE,1305,CRIMINAL DAMAGE,CRIMINAL DEFACEMENT,RESIDENCE,FALSE,FALSE,1923,19,47,5,14,2007,-87.67414628,41.94752628
11185730,JA560123,031XX N NEWCASTLE AVE,1310,CRIMINAL DAMAGE,TO PROPERTY,RESIDENCE,TRUE,FALSE,2511,25,36,18,14,2017,-87.79688972,41.93707873
10218934,HY405637,057XX S CAMPBELL AVE,1310,CRIMINAL DAMAGE,TO PROPERTY,APARTMENT,FALSE,TRUE,824,8,16,63,14,2015,-87.68636753,41.78962843
6620347,HP689703,081XX S LAFAYETTE AVE,1310,CRIMINAL DAMAGE,TO PROPERTY,RESIDENCE,FALSE,FALSE,622,6,21,44,14,2008,-87.62569667,41.74641581
6940315,HR345366,008XX W SUPERIOR ST,1320,CRIMINAL DAMAGE,TO VEHICLE,RESTAURANT,FALSE,FALSE,1323,12,27,24,14,2009,-87.64922385,41.89553111
10501619,HZ242802,046XX W 83RD ST,1310,CRIMINAL DAMAGE,TO PROPERTY,RESIDENCE-GARAGE,FALSE,FALSE,834,8,13,70,14,2016,-87.73577014,41.74203263
5053244,HM661326,035XX N NAGLE AVE,1320,CRIMINAL DAMAGE,TO VEHICLE,STREET,FALSE,FALSE,1632,16,36,17,14,2006,-87.78753023,41.94464161
2709601,HJ336995,089XX S UNIVERSITY AVE,1310,CRIMINAL DAMAGE,TO PROPERTY,RESIDENCE,FALSE,FALSE,413,4,8,47,14,2003,-87.5962343,41.73233066
3607386,HK694552,072XX S BENNETT AVE,1320,CRIMINAL DAMAGE,TO VEHICLE,STREET,FALSE,FALSE,333,3,5,43,14,2004,-87.57931687,41.76384622
3047178,HJ760939,0000X E OHIO ST,1320,CRIMINAL DAMAGE,TO VEHICLE,PARKING LOT/GARAGE(NON.RESID.),FALSE,FALSE,1834,18,42,8,14,2003,-87.62744368,41.89247942
8690635,HV366181,021XX E 87TH ST,1320,CRIMINAL DAMAGE,TO VEHICLE,STREET,FALSE,FALSE,412,4,8,48,14,2012,-87.57165693,41.73711561
2891261,HJ563089,109XX S MICHIGAN AVE,1310,CRIMINAL DAMAGE,TO PROPERTY,APARTMENT,TRUE,FALSE,513,5,9,49,14,2003,-87.6207721,41.69531362
2290580,HH576932,080XX S MORGAN ST,1320,CRIMINAL DAMAGE,TO VEHICLE,STREET,FALSE,FALSE,621,6,21,71,14,2002,-87.64881501,41.7478649
6903733,HR308948,005XX N LAVERGNE AVE,1310,CRIMINAL DAMAGE,TO PROPERTY,SIDEWALK,FALSE,FALSE,1532,15,28,25,14,2009,-87.75055336,41.89074702
3114653,HK100758,026XX N WHIPPLE ST,1320,CRIMINAL DAMAGE,TO VEHICLE,STREET,FALSE,FALSE,1411,14,35,22,14,2003,-87.70367714,41.92940181
8652732,HV328581,137XX S BRAINARD AVE,1811,NARCOTICS,POSS: CANNABIS 30GMS OR LESS,OTHER COMMERCIAL TRANSPORTATION,TRUE,FALSE,433,4,10,55,18,2012,-87.54247201,41.64579585
8592856,HV267193,001XX W 87TH ST,1811,NARCOTICS,POSS: CANNABIS 30GMS OR LESS,PARKING LOT/GARAGE(NON.RESID.),TRUE,FALSE,634,6,21,44,18,2012,-87.62832169,41.73625056
2973642,HJ620738,048XX N WINTHROP AVE,1811,NARCOTICS,POSS: CANNABIS 30GMS OR LESS,SIDEWALK,TRUE,FALSE,2033,20,46,3,18,2003,-87.65763728,41.96982579
2910492,HJ557529,004XX N LARAMIE AVE,2024,NARCOTICS,POSS: HEROIN(WHITE),SIDEWALK,TRUE,FALSE,1532,15,28,25,18,2003,-87.75534813,41.88809286
7692354,HS498920,071XX S STONY ISLAND AVE,1811,NARCOTICS,POSS: CANNABIS 30GMS OR LESS,STREET,TRUE,FALSE,324,3,5,43,18,2010,-87.58591505,41.7657088
4389244,HL608698,002XX S WHIPPLE ST,2024,NARCOTICS,POSS: HEROIN(WHITE),SIDEWALK,TRUE,FALSE,1124,11,28,27,18,2005,-87.70236867,41.87793471
1577428,G323273,007XX S CALIFORNIA AV,2024,NARCOTICS,POSS: HEROIN(WHITE),SIDEWALK,TRUE,FALSE,1135,11,,,18,2001,-87.69589235,41.87154875
3530721,HK577020,016XX W JONQUIL TER,2024,NARCOTICS,POSS: HEROIN(WHITE),"SCHOOL, PUBLIC, GROUNDS",TRUE,FALSE,2422,24,49,1,18,2004,-87.67220843,42.0211776
10177662,HY365876,041XX W 87TH ST,1811,NARCOTICS,POSS: CANNABIS 30GMS OR LESS,STREET,TRUE,FALSE,834,8,18,70,18,2015,-87.72420818,41.73480925
7502426,HS305355,035XX S WASHTENAW AVE,1821,NARCOTICS,MANU/DEL:CANNABIS 10GM OR LESS,"SCHOOL, PUBLIC, BUILDING",TRUE,FALSE,913,9,12,58,18,2010,-87.69234919,41.82890791
3225630,HK162357,047XX W FULTON ST,2014,NARCOTICS,MANU/DELIVER: HEROIN (WHITE),ALLEY,TRUE,FALSE,1113,11,28,25,18,2004,-87.74369071,41.88537717
5989011,HN778969,100XX W OHARE ST,2027,NARCOTICS,POSS: CRACK,AIRPORT/AIRCRAFT,TRUE,FALSE,1651,16,41,76,18,2007,-87.90522722,41.97629041
8508682,HV185969,003XX S WESTERN AVE,1811,NARCOTICS,POSS: CANNABIS 30GMS OR LESS,SIDEWALK,TRUE,FALSE,1125,11,2,28,18,2012,-87.68633201,41.87695909
2364511,HH657604,040XX W WILCOX ST,2027,NARCOTICS,POSS: CRACK,SIDEWALK,TRUE,FALSE,1115,11,28,26,18,2002,-87.72626809,41.87886211
9416016,HW555338,033XX W FILLMORE ST,2093,NARCOTICS,FOUND SUSPECT NARCOTICS,POLICE FACILITY/VEH PARKING LOT,TRUE,FALSE,1134,11,24,29,26,2013,-87.70927139,41.86818094
8594622,HV268708,042XX N MARINE DR,2032,NARCOTICS,MANU/DELIVER: METHAMPHETAMINES,APARTMENT,TRUE,FALSE,1915,19,46,3,18,2012,-87.64676205,41.96004678
1448800,G170513,074XX S PAXTON AV,1811,NARCOTICS,POSS: CANNABIS 30GMS OR LESS,SIDEWALK,TRUE,FALSE,333,3,,,18,2001,-87.57139424,41.75902437
9012649,HW160463,071XX S MICHIGAN AVE,1811,NARCOTICS,POSS: CANNABIS 30GMS OR LESS,SIDEWALK,TRUE,FALSE,323,3,6,69,18,2013,-87.62167373,41.76493695
5547866,HN355411,004XX N PINE AVE,2027,NARCOTICS,POSS: CRACK,SIDEWALK,TRUE,FALSE,1523,15,28,25,18,2007,-87.76329636,41.88800087
3248961,HK190723,055XX S WELLS ST,2024,NARCOTICS,POSS: HEROIN(WHITE),STREET,TRUE,FALSE,711,7,3,68,18,2004,-87.63180906,41.79351246
8784049,HV457847,013XX S CHRISTIANA AVE,1811,NARCOTICS,POSS: CANNABIS 30GMS OR LESS,SIDEWALK,TRUE,FALSE,1021,10,24,29,18,2012,-87.70925061,41.86389979
9434484,HW566855,002XX S WESTERN AVE,2014,NARCOTICS,MANU/DELIVER: HEROIN (WHITE),SIDEWALK,FALSE,FALSE,1225,12,2,28,18,2013,-87.68635555,41.87826548
3830058,HL141298,011XX W WILSON AVE,1811,NARCOTICS,POSS: CANNABIS 30GMS OR LESS,OTHER,TRUE,FALSE,2311,19,46,3,18,2005,-87.65799298,41.96539325
6884465,HR281750,084XX S SAGINAW AVE,2027,NARCOTICS,POSS: CRACK,VEHICLE NON-COMMERCIAL,TRUE,FALSE,423,4,7,46,18,2009,-87.56000598,41.74197479
4074763,HL342355,038XX S ROCKWELL ST,2022,NARCOTICS,POSS: COCAINE,STREET,TRUE,FALSE,913,9,12,58,18,2005,-87.68973785,41.82366822
9458866,HX112183,056XX S ARTESIAN AVE,2027,NARCOTICS,POSS: CRACK,ALLEY,TRUE,FALSE,824,8,16,63,18,2014,-87.68522603,41.79155672
2973220,HJ624999,006XX E 51ST ST,2014,NARCOTICS,MANU/DELIVER: HEROIN (WHITE),SIDEWALK,TRUE,FALSE,223,2,4,38,18,2003,-87.61048625,41.80218118
3085845,HJ618818,031XX W FIFTH AVE,2095,NARCOTICS,ATTEMPT POSSESSION NARCOTICS,STREET,TRUE,FALSE,1124,11,28,27,18,2003,-87.70542885,41.87853875
7185163,HR597126,059XX S CAMPBELL AVE,1811,NARCOTICS,POSS: CANNABIS 30GMS OR LESS,RESIDENTIAL YARD (FRONT/BACK),TRUE,FALSE,824,8,16,66,18,2009,-87.68625382,41.78562112
5753121,HN558484,079XX S ELIZABETH ST,2022,NARCOTICS,POSS: COCAINE,STREET,TRUE,FALSE,612,6,21,71,18,2007,-87.65492213,41.74941598
7097303,HR505781,008XX N HOMAN AVE,2092,NARCOTICS,SOLICIT NARCOTICS ON PUBLICWAY,ALLEY,TRUE,FALSE,1121,11,27,23,26,2009,-87.71147916,41.89683462
5715871,HN522324,051XX S EMERALD AVE,1811,NARCOTICS,POSS: CANNABIS 30GMS OR LESS,SIDEWALK,TRUE,FALSE,934,9,3,61,18,2007,-87.64409708,41.8010952
5844831,HN647052,062XX S DREXEL AVE,1811,NARCOTICS,POSS: CANNABIS 30GMS OR LESS,GAS STATION,TRUE,FALSE,313,3,20,42,18,2007,-87.60432695,41.78126375
8089415,HT323138,005XX E MARQUETTE RD,2024,NARCOTICS,POSS: HEROIN(WHITE),STREET,TRUE,FALSE,321,3,20,42,18,2011,-87.61236971,41.77484347
9419053,HW562748,051XX W MADISON ST,1811,NARCOTICS,POSS: CANNABIS 30GMS OR LESS,PARKING LOT/GARAGE(NON.RESID.),TRUE,FALSE,1533,15,28,25,18,2013,-87.75300855,41.88039991
5925338,HN719188,048XX S WOOD ST,1811,NARCOTICS,POSS: CANNABIS 30GMS OR LESS,STREET,TRUE,FALSE,931,9,20,61,18,2007,-87.66975515,41.80574416
8006283,HT237921,017XX S HAMILTON AVE,1811,NARCOTICS,POSS: CANNABIS 30GMS OR LESS,STREET,TRUE,FALSE,1223,12,25,31,18,2011,-87.679683,41.85813703
10025545,HY215032,039XX W LEXINGTON ST,2014,NARCOTICS,MANU/DELIVER: HEROIN (WHITE),SIDEWALK,TRUE,FALSE,1132,11,24,26,18,2015,-87.72400857,41.87164648
3349359,HK369511,013XX W 13TH ST,2095,NARCOTICS,ATTEMPT POSSESSION NARCOTICS,STREET,TRUE,FALSE,1231,12,2,28,18,2004,-87.65998469,41.86519397
4483436,HL703172,008XX N KEELER AVE,2092,NARCOTICS,SOLICIT NARCOTICS ON PUBLICWAY,SIDEWALK,TRUE,FALSE,1111,11,37,23,26,2005,-87.73104025,41.89622263
5372669,HM762800,119XX S PARNELL AVE,2092,NARCOTICS,SOLICIT NARCOTICS ON PUBLICWAY,SIDEWALK,TRUE,FALSE,524,5,34,53,26,2006,-87.63587885,41.67742542
5561014,HN370211,008XX W EASTWOOD AVE,1811,NARCOTICS,POSS: CANNABIS 30GMS OR LESS,STREET,TRUE,FALSE,2312,19,46,3,18,2007,-87.65103242,41.96643056
6780235,HR195962,039XX W 19TH ST,1811,NARCOTICS,POSS: CANNABIS 30GMS OR LESS,SIDEWALK,TRUE,FALSE,1014,10,24,29,18,2009,-87.72404177,41.85500274
4746425,HM284854,006XX N RIDGEWAY AVE,2024,NARCOTICS,POSS: HEROIN(WHITE),SIDEWALK,TRUE,FALSE,1122,11,27,23,18,2006,-87.71989092,41.89256317
4031070,HL319228,009XX N HAMLIN AVE,2017,NARCOTICS,MANU/DELIVER:CRACK,STREET,TRUE,FALSE,1112,11,27,23,18,2005,-87.72127014,41.89774891
7041136,HR447925,014XX N AVERS AVE,1811,NARCOTICS,POSS: CANNABIS 30GMS OR LESS,APARTMENT,TRUE,FALSE,2535,25,30,23,18,2009,-87.72277789,41.90681567
5226574,HM590293,007XX N MONTICELLO AVE,1811,NARCOTICS,POSS: CANNABIS 30GMS OR LESS,STREET,TRUE,FALSE,1112,11,27,23,18,2006,,
6441121,HP513177,053XX W ADDISON ST,1811,NARCOTICS,POSS: CANNABIS 30GMS OR LESS,STREET,TRUE,FALSE,1634,16,38,15,18,2008,-87.76031752,41.94595797
4044725,HL331611,009XX N LOREL AVE,2014,NARCOTICS,MANU/DELIVER: HEROIN (WHITE),SIDEWALK,TRUE,FALSE,1524,15,37,25,18,2005,-87.75939804,41.89722132
5638846,HN448271,049XX W MAYPOLE AVE,1811,NARCOTICS,POSS: CANNABIS 30GMS OR LESS,SIDEWALK,TRUE,FALSE,1532,15,28,25,18,2007,-87.74822021,41.88441515
2159382,HH402660,012XX N LOCKWOOD AVE,1811,NARCOTICS,POSS: CANNABIS 30GMS OR LESS,STREET,TRUE,FALSE,2532,25,37,25,18,2002,-87.75827987,41.90353572
5625404,HN422493,078XX S COTTAGE GROVE AVE,1811,NARCOTICS,POSS: CANNABIS 30GMS OR LESS,PARKING LOT/GARAGE(NON.RESID.),TRUE,FALSE,624,6,6,69,18,2007,-87.60522934,41.75237205
6186267,HP263901,033XX W 38TH ST,1811,NARCOTICS,POSS: CANNABIS 30GMS OR LESS,STREET,TRUE,FALSE,913,9,12,58,18,2008,-87.7078664,41.82435289
2403623,G577663,062XX S KEDZIE AVE,2027,NARCOTICS,POSS: CRACK,STREET,TRUE,FALSE,823,8,15,66,18,2001,-87.70330384,41.77964003
8300838,HT535175,037XX W WILSON AVE,2820,OTHER OFFENSE,TELEPHONE THREAT,APARTMENT,FALSE,TRUE,1723,17,39,14,26,2011,-87.72184715,41.96466441
10811959,JA110097,019XX N HAMLIN AVE,2820,OTHER OFFENSE,TELEPHONE THREAT,RESIDENCE,FALSE,TRUE,2535,25,26,22,26,2017,-87.72163701,41.91626623
4750131,HM360756,071XX N PAULINA ST,2820,OTHER OFFENSE,TELEPHONE THREAT,RESIDENCE,FALSE,TRUE,2423,24,49,1,26,2006,-87.67233871,42.011796
5448716,HN275969,035XX W GRAND AVE,2830,OTHER OFFENSE,OBSCENE TELEPHONE CALLS,DRUG STORE,FALSE,FALSE,1121,11,26,23,17,2007,-87.71554468,41.90184559
10779118,HZ544441,010XX W 51ST ST,2820,OTHER OFFENSE,TELEPHONE THREAT,APARTMENT,FALSE,TRUE,933,9,16,61,26,2016,-87.65055125,41.80151246
4374455,HL660560,058XX S KEELER AVE,4387,OTHER OFFENSE,VIOLATE ORDER OF PROTECTION,RESIDENCE,TRUE,TRUE,813,8,13,62,26,2005,-87.72788695,41.78702538
7363357,HS164946,005XX W BELMONT AVE,2825,OTHER OFFENSE,HARASSMENT BY TELEPHONE,RESIDENCE,FALSE,FALSE,2332,19,44,6,26,2010,-87.6424738,41.94007614
6993831,HR399710,017XX W 18TH ST,2825,OTHER OFFENSE,HARASSMENT BY TELEPHONE,RESIDENCE,FALSE,TRUE,1223,12,25,31,26,2009,-87.67017968,41.85773678
6155786,HP243837,004XX W EVERGREEN AVE,4510,OTHER OFFENSE,PROBATION VIOLATION,APARTMENT,FALSE,FALSE,1821,18,27,8,26,2008,-87.64017999,41.90649223
6054992,HP157774,047XX W BELDEN AVE,2820,OTHER OFFENSE,TELEPHONE THREAT,APARTMENT,FALSE,TRUE,2522,25,31,19,26,2008,-87.74542953,41.92242233
6252456,HP340132,048XX S LAKE PARK AVE,2826,OTHER OFFENSE,HARASSMENT BY ELECTRONIC MEANS,APARTMENT,FALSE,TRUE,2132,2,4,39,26,2008,,
2748713,HJ388435,015XX E 65TH ST,2825,OTHER OFFENSE,HARASSMENT BY TELEPHONE,APARTMENT,FALSE,FALSE,321,3,5,42,26,2003,-87.58866619,41.77694808
10931066,JA246453,034XX W BEACH AVE,2826,OTHER OFFENSE,HARASSMENT BY ELECTRONIC MEANS,APARTMENT,FALSE,FALSE,1422,14,26,23,26,2017,-87.71260816,41.90731274
5601454,HN407116,047XX W IRVING PARK RD,2820,OTHER OFFENSE,TELEPHONE THREAT,OTHER,FALSE,TRUE,1722,17,45,15,26,2007,-87.74627323,41.95343636
10808622,JA107722,068XX W WRIGHTWOOD AVE,2820,OTHER OFFENSE,TELEPHONE THREAT,RESIDENCE,FALSE,FALSE,2512,25,36,18,26,2017,-87.79689879,41.92722425
2866020,HJ532105,028XX W HENDERSON ST,2825,OTHER OFFENSE,HARASSMENT BY TELEPHONE,APARTMENT,FALSE,FALSE,1733,17,33,21,26,2003,-87.69919149,41.94187156
2412250,HH729144,062XX N SACRAMENTO AVE,2825,OTHER OFFENSE,HARASSMENT BY TELEPHONE,APARTMENT,FALSE,FALSE,2413,24,50,2,26,2002,-87.70439555,41.99464657
10015483,HY204891,011XX N PULASKI RD,4625,OTHER OFFENSE,PAROLE VIOLATION,SIDEWALK,TRUE,FALSE,1112,11,27,23,26,2015,-87.7262756,41.90172993
10488465,HZ228967,016XX N MENARD AVE,2820,OTHER OFFENSE,TELEPHONE THREAT,APARTMENT,FALSE,FALSE,2531,25,29,25,26,2016,-87.77030168,41.90996192
10197369,HY385205,013XX W 56TH ST,2820,OTHER OFFENSE,TELEPHONE THREAT,APARTMENT,FALSE,TRUE,713,7,16,67,26,2015,-87.65884139,41.79228849
3305754,HK328402,026XX E 103RD ST,502P,OTHER OFFENSE,FALSE/STOLEN/ALTERED TRP,VEHICLE NON-COMMERCIAL,TRUE,FALSE,431,4,10,51,26,2004,-87.68853255,41.70634533
11018984,JA349450,020XX E 79TH ST,502P,OTHER OFFENSE,FALSE/STOLEN/ALTERED TRP,PARKING LOT/GARAGE(NON.RESID.),TRUE,FALSE,414,4,8,46,26,2017,-87.57537386,41.75161364
3646946,HK743113,080XX S MARYLAND AVE,2825,OTHER OFFENSE,HARASSMENT BY TELEPHONE,APARTMENT,FALSE,TRUE,631,6,8,44,26,2004,-87.60390164,41.74890306
6769056,HR185873,069XX S WOODLAWN AVE,2820,OTHER OFFENSE,TELEPHONE THREAT,RESIDENCE,FALSE,TRUE,321,3,5,69,26,2009,-87.59522983,41.76885361
2415583,HH692211,007XX S KENNETH AVE,5002,OTHER OFFENSE,OTHER VEHICLE OFFENSE,STREET,TRUE,FALSE,1131,11,24,26,26,2002,-87.7364659,41.87090509
11122168,JA470839,014XX E 83RD ST,5000,OTHER OFFENSE,OTHER CRIME AGAINST PERSON,RESIDENCE,FALSE,FALSE,412,4,8,45,26,2017,-87.59007138,41.74414362
9993135,HY182950,024XX W OHIO ST,2825,OTHER OFFENSE,HARASSMENT BY TELEPHONE,APARTMENT,FALSE,FALSE,1221,12,26,24,26,2014,-87.68704595,41.89210585
7255767,HR668156,006XX W 61ST ST,4387,OTHER OFFENSE,VIOLATE ORDER OF PROTECTION,RESIDENCE,TRUE,TRUE,711,7,20,68,26,2009,-87.64097151,41.78344986
10493762,HZ234518,031XX W 41ST PL,4651,OTHER OFFENSE,SEX OFFENDER: FAIL REG NEW ADD,APARTMENT,FALSE,FALSE,921,9,14,58,26,2016,-87.70304427,41.81811349
9426342,HW569852,0000X N WALLER AVE,5002,OTHER OFFENSE,OTHER VEHICLE OFFENSE,RESIDENCE,TRUE,TRUE,1513,15,29,25,26,2013,-87.76815693,41.88113134
7511512,HS314108,027XX W ARDMORE AVE,2825,OTHER OFFENSE,HARASSMENT BY TELEPHONE,APARTMENT,FALSE,FALSE,2011,20,40,2,26,2010,-87.69761692,41.98676632
2200712,HH463517,008XX N MICHIGAN AVE,2825,OTHER OFFENSE,HARASSMENT BY TELEPHONE,COMMERCIAL / BUSINESS OFFICE,FALSE,FALSE,1833,18,42,8,26,2002,-87.62411633,41.89876792
5322667,HN182437,091XX S COTTAGE GROVE AVE,560,ASSAULT,SIMPLE,SIDEWALK,FALSE,TRUE,633,6,8,44,08A,2007,-87.60461941,41.72820456
9348957,HW493063,011XX N LOREL AVE,530,ASSAULT,AGGRAVATED: OTHER DANG WEAPON,ALLEY,FALSE,FALSE,1524,15,37,25,04A,2013,-87.75949705,41.90093203
2948095,HJ637197,011XX N KEYSTONE AVE,560,ASSAULT,SIMPLE,SIDEWALK,FALSE,FALSE,1111,11,27,23,08A,2003,-87.72749709,41.90152508
2492280,HH829588,050XX W NORTH AVE,051A,ASSAULT,AGGRAVATED: HANDGUN,STREET,FALSE,FALSE,2533,25,37,25,04A,2002,-87.75148075,41.909558
10574810,HZ322965,025XX S DR MARTIN LUTHER KING JR DR,530,ASSAULT,AGGRAVATED: OTHER DANG WEAPON,PARKING LOT/GARAGE(NON.RESID.),FALSE,FALSE,133,1,2,33,04A,2016,-87.61732389,41.84685952
9271865,HW415978,050XX W JACKSON BLVD,051A,ASSAULT,AGGRAVATED: HANDGUN,SIDEWALK,FALSE,TRUE,1533,15,28,25,04A,2013,-87.75031732,41.87671722
3943561,HL315870,015XX W 18TH PL,530,ASSAULT,AGGRAVATED: OTHER DANG WEAPON,SIDEWALK,TRUE,FALSE,1222,12,25,31,04A,2005,-87.66467465,41.85691726
2620109,HJ222529,103XX S DOTY AVE E,553,ASSAULT,AGGRAVATED PO: OTHER DANG WEAP,OTHER,TRUE,FALSE,434,4,10,51,04A,2003,-87.58070877,41.70775621
4921404,HM535930,0000X W 95TH ST,560,ASSAULT,SIMPLE,STREET,FALSE,FALSE,634,6,21,49,08A,2006,-87.62537818,41.72169857
10502099,HZ242203,028XX W ARTHINGTON ST,520,ASSAULT,AGGRAVATED:KNIFE/CUTTING INSTR,APARTMENT,FALSE,TRUE,1135,11,2,27,04A,2016,-87.69703716,41.87014181
5360488,HN213069,009XX W MARQUETTE RD,560,ASSAULT,SIMPLE,RESIDENCE,TRUE,FALSE,723,7,17,68,08A,2007,-87.64857603,41.77241673
2109180,HH343366,038XX N BROADWAY,560,ASSAULT,SIMPLE,RESIDENCE PORCH/HALLWAY,FALSE,FALSE,2324,19,46,6,08A,2002,-87.64962517,41.95188613
10950230,JA269772,038XX W MONROE ST,051A,ASSAULT,AGGRAVATED: HANDGUN,STREET,TRUE,TRUE,1122,11,28,26,04A,2017,-87.72181223,41.87980993
2065876,HH106347,047XX S FORRESTVILLE AV,560,ASSAULT,SIMPLE,STREET,TRUE,FALSE,222,2,,,08A,2002,-87.61265623,41.8088387
4892475,HM507529,074XX S MORGAN ST,560,ASSAULT,SIMPLE,RESIDENCE,FALSE,TRUE,733,7,17,68,08A,2006,-87.6491157,41.75923359
6170783,HP258815,023XX W 95TH ST,560,ASSAULT,SIMPLE,COMMERCIAL / BUSINESS OFFICE,FALSE,FALSE,2221,22,19,72,08A,2008,-87.67997607,41.72097091
3741570,HL111533,005XX E 51ST ST,560,ASSAULT,SIMPLE,HOSPITAL BUILDING/GROUNDS,FALSE,FALSE,223,2,3,38,08A,2005,-87.61367763,41.80213261
8533129,HS479338,084XX S CHAPPEL AVE,560,ASSAULT,SIMPLE,CHA APARTMENT,FALSE,FALSE,412,4,8,45,08A,2010,-87.57457729,41.74114436
10653179,HZ403432,008XX E 65TH ST,051A,ASSAULT,AGGRAVATED: HANDGUN,APARTMENT,TRUE,TRUE,312,3,20,42,04A,2016,-87.60411357,41.77679744
8789058,HV462975,057XX S ROCKWELL ST,560,ASSAULT,SIMPLE,STREET,FALSE,TRUE,824,8,16,63,08A,2012,-87.68879789,41.78934296
9269662,HW414519,007XX E 43RD ST,560,ASSAULT,SIMPLE,SIDEWALK,FALSE,FALSE,221,2,4,38,08A,2013,-87.60793377,41.81679481
4681320,HL414306,076XX S PAULINA ST,051A,ASSAULT,AGGRAVATED: HANDGUN,APARTMENT,FALSE,FALSE,611,6,17,71,04A,2005,-87.66598631,41.75501329
8082600,HT315369,032XX W ADAMS ST,545,ASSAULT,PRO EMP HANDS NO/MIN INJURY,"SCHOOL, PUBLIC, GROUNDS",FALSE,FALSE,1124,11,28,27,08A,2011,-87.70724814,41.87837031
3970108,HL330223,0000X W CHICAGO AVE,560,ASSAULT,SIMPLE,OTHER,TRUE,FALSE,1832,18,42,8,08A,2005,-87.62917534,41.89666404
3661130,HK751265,084XX S ELIZABETH ST,530,ASSAULT,AGGRAVATED: OTHER DANG WEAPON,STREET,FALSE,FALSE,613,6,21,71,04A,2004,-87.6546828,41.74047635
8306557,HT540548,007XX W 76TH ST,560,ASSAULT,SIMPLE,RESIDENCE,FALSE,FALSE,621,6,17,68,08A,2011,-87.64243828,41.7561063
9748574,HX398190,111XX S VERNON AVE,560,ASSAULT,SIMPLE,SIDEWALK,FALSE,FALSE,531,5,9,49,08A,2014,-87.61212473,41.69159874
3313069,HK348713,078XX S SOUTH SHORE DR,560,ASSAULT,SIMPLE,OTHER,FALSE,FALSE,421,4,7,43,08A,2004,-87.55043302,41.75420991
6793833,HR206683,049XX W WASHINGTON BLVD,560,ASSAULT,SIMPLE,RESIDENCE PORCH/HALLWAY,FALSE,FALSE,1532,15,28,25,08A,2009,-87.74868498,41.88177206
1962624,HH154448,064XX S PEORIA DR,560,ASSAULT,SIMPLE,RESIDENCE,TRUE,TRUE,723,7,,,08A,2002,-87.6457776,41.77734524
11111810,JA462321,064XX S MORGAN ST,520,ASSAULT,AGGRAVATED:KNIFE/CUTTING INSTR,APARTMENT,TRUE,TRUE,724,7,16,68,04A,2017,-87.64957217,41.7769974
8557804,HV233824,018XX W MONROE ST,560,ASSAULT,SIMPLE,OTHER,FALSE,FALSE,1211,12,2,28,08A,2012,-87.67233922,41.88008194
6900303,HR307075,017XX N MASON AVE,620,BURGLARY,UNLAWFUL ENTRY,APARTMENT,FALSE,FALSE,2531,25,29,25,5,2009,-87.77405691,41.91199729
10399689,HZ134318,001XX W 108TH ST,610,BURGLARY,FORCIBLE ENTRY,RESIDENCE,FALSE,FALSE,513,5,34,49,5,2016,-87.6271431,41.69800123
4826872,HM437597,031XX E 87TH ST,610,BURGLARY,FORCIBLE ENTRY,FACTORY/MANUFACTURING BUILDING,FALSE,FALSE,424,4,7,46,5,2006,-87.54876843,41.73741441
9088959,HW233866,019XX S LAWNDALE AVE,610,BURGLARY,FORCIBLE ENTRY,APARTMENT,FALSE,FALSE,1014,10,24,29,5,2013,-87.71755043,41.85440555
1825533,G659211,019XX N WILMOT AV,620,BURGLARY,UNLAWFUL ENTRY,RESIDENCE PORCH/HALLWAY,FALSE,FALSE,1434,14,,,5,2001,-87.68611667,41.91684538
9129599,HW274134,050XX W OAKDALE AVE,610,BURGLARY,FORCIBLE ENTRY,RESIDENCE,FALSE,FALSE,2521,25,31,19,5,2013,-87.75282624,41.93418879
9383468,HW526270,011XX W CHESTNUT ST,610,BURGLARY,FORCIBLE ENTRY,RESIDENCE,FALSE,FALSE,1213,12,27,24,5,2013,-87.65561766,41.8983901
1603886,G375927,069XX S EAST END AV,620,BURGLARY,UNLAWFUL ENTRY,RESIDENCE-GARAGE,FALSE,FALSE,332,3,,,5,2001,-87.58269062,41.76811648
6239811,HP325677,068XX W NORTH AVE,610,BURGLARY,FORCIBLE ENTRY,RESTAURANT,FALSE,FALSE,2513,25,36,25,5,2008,-87.79679791,41.90899932
3929767,HL300450,003XX W 118TH ST,610,BURGLARY,FORCIBLE ENTRY,CONSTRUCTION SITE,FALSE,FALSE,522,5,34,53,5,2005,-87.63040295,41.67975493
5401018,HN246122,045XX S ASHLAND AVE,620,BURGLARY,UNLAWFUL ENTRY,CHURCH/SYNAGOGUE/PLACE OF WORSHIP,FALSE,FALSE,921,9,3,61,5,2007,-87.66505034,41.81164453
1959865,HH149573,016XX W 79 ST,610,BURGLARY,FORCIBLE ENTRY,SMALL RETAIL STORE,FALSE,FALSE,611,6,,,5,2002,-87.66437094,41.75034132
3395645,HK450946,026XX N SEMINARY AVE,610,BURGLARY,FORCIBLE ENTRY,RESIDENCE,TRUE,FALSE,1933,19,32,7,5,2004,-87.6561995,41.93022658
8200440,HT434553,059XX S KOLIN AVE,610,BURGLARY,FORCIBLE ENTRY,RESIDENCE-GARAGE,FALSE,FALSE,813,8,13,65,5,2011,-87.73150141,41.78517002
4223368,HL548996,071XX S PRAIRIE AVE,620,BURGLARY,UNLAWFUL ENTRY,APARTMENT,FALSE,FALSE,323,3,6,69,5,2005,-87.61846728,41.76518872
7281380,HR696852,109XX S AVENUE D,610,BURGLARY,FORCIBLE ENTRY,RESIDENCE-GARAGE,FALSE,FALSE,432,4,10,52,5,2009,-87.52822298,41.69676349
3420516,HK481967,041XX W FULLERTON AVE,610,BURGLARY,FORCIBLE ENTRY,COMMERCIAL / BUSINESS OFFICE,FALSE,FALSE,2524,25,31,20,5,2004,-87.73084109,41.92443781
7991098,HT202584,013XX E 69TH ST,620,BURGLARY,UNLAWFUL ENTRY,APARTMENT,FALSE,FALSE,321,3,5,69,5,2011,-87.5936709,41.76989739
2766777,HJ409442,023XX S MILLARD AVE,610,BURGLARY,FORCIBLE ENTRY,CHURCH/SYNAGOGUE/PLACE OF WORSHIP,FALSE,FALSE,1013,10,22,30,5,2003,-87.71615251,41.84938154
8020403,HT251336,094XX S PLEASANT AVE,610,BURGLARY,FORCIBLE ENTRY,RESIDENCE,FALSE,FALSE,2221,22,19,72,5,2011,-87.66975409,41.72224881
8901424,HV575905,062XX W MELROSE ST,620,BURGLARY,UNLAWFUL ENTRY,RESIDENCE-GARAGE,FALSE,FALSE,1633,16,36,17,5,2012,-87.78238611,41.93928502
7083209,HR489129,039XX N NEW ENGLAND AVE,620,BURGLARY,UNLAWFUL ENTRY,RESIDENCE,FALSE,FALSE,1632,16,38,17,5,2009,-87.79865147,41.95144746
8193625,HT427568,014XX W 103RD ST,610,BURGLARY,FORCIBLE ENTRY,CLEANING STORE,FALSE,FALSE,2213,22,19,72,5,2011,-87.65918703,41.70673677
7136001,HR539548,087XX S BLACKSTONE AVE,620,BURGLARY,UNLAWFUL ENTRY,RESIDENCE-GARAGE,FALSE,FALSE,412,4,8,48,5,2009,-87.58810948,41.73603247
7623578,HS426544,071XX S EMERALD AVE,610,BURGLARY,FORCIBLE ENTRY,APARTMENT,FALSE,FALSE,732,7,6,68,5,2010,-87.64301653,41.76473236
8321464,HT556032,029XX E 78TH ST,610,BURGLARY,FORCIBLE ENTRY,RESIDENCE,FALSE,FALSE,421,4,7,43,5,2011,-87.55357173,41.75408032
3880644,HL254965,083XX S ABERDEEN ST,610,BURGLARY,FORCIBLE ENTRY,RESIDENCE,FALSE,FALSE,613,6,21,71,5,2005,-87.65109829,41.74264783
10904332,JA216127,066XX S BISHOP ST,610,BURGLARY,FORCIBLE ENTRY,RESIDENCE,FALSE,FALSE,725,7,17,67,5,2017,-87.66041191,41.77360634
9204493,HW350078,070XX S MAY ST,610,BURGLARY,FORCIBLE ENTRY,RESIDENCE,FALSE,FALSE,733,7,17,68,5,2013,-87.65292843,41.76608406
6901330,HR308245,051XX W WASHINGTON BLVD,620,BURGLARY,UNLAWFUL ENTRY,APARTMENT,FALSE,FALSE,1533,15,28,25,5,2009,-87.75323904,41.88171283
10268156,HY455377,072XX S WOOD ST,910,MOTOR VEHICLE THEFT,AUTOMOBILE,STREET,FALSE,FALSE,735,7,17,67,7,2015,-87.66860929,41.76258082
6672913,HP747058,065XX S NORMAL BLVD,910,MOTOR VEHICLE THEFT,AUTOMOBILE,STREET,FALSE,FALSE,722,7,20,68,7,2008,-87.63688771,41.77558748
5835389,HN645348,032XX W CULLOM AVE,910,MOTOR VEHICLE THEFT,AUTOMOBILE,STREET,FALSE,FALSE,1724,17,33,16,7,2007,-87.70992679,41.95935337
3969617,HL334216,085XX S CRANDON AVE,930,MOTOR VEHICLE THEFT,THEFT/RECOVERY: AUTOMOBILE,STREET,FALSE,FALSE,412,4,8,46,7,2005,-87.56849579,41.74044266
7427845,HS230740,038XX N LAWNDALE AVE,910,MOTOR VEHICLE THEFT,AUTOMOBILE,STREET,FALSE,FALSE,1732,17,39,16,7,2010,-87.72017548,41.95071764
8921455,HV593288,001XX S BELL AVE,910,MOTOR VEHICLE THEFT,AUTOMOBILE,STREET,FALSE,FALSE,1211,12,2,28,7,2012,-87.68280613,41.87921415
3310641,HK341632,092XX S MERRILL AVE,910,MOTOR VEHICLE THEFT,AUTOMOBILE,STREET,FALSE,FALSE,413,4,7,48,7,2004,-87.5718361,41.72753093
2514430,HH859922,055XX S LAKE PARK AVE,910,MOTOR VEHICLE THEFT,AUTOMOBILE,STREET,FALSE,FALSE,2132,2,5,41,7,2002,-87.58763986,41.79465029
1790731,G611731,010XX N ORLEANS ST,910,MOTOR VEHICLE THEFT,AUTOMOBILE,STREET,FALSE,FALSE,1823,18,,,7,2001,-87.63750584,41.90139648
5161792,HM757133,020XX S JEFFERSON ST,910,MOTOR VEHICLE THEFT,AUTOMOBILE,STREET,FALSE,FALSE,1233,12,25,31,7,2006,-87.64178688,41.85526689
3072896,HJ786817,032XX W PALMER ST,930,MOTOR VEHICLE THEFT,THEFT/RECOVERY: AUTOMOBILE,STREET,FALSE,FALSE,1413,14,26,22,7,2003,-87.70957608,41.92103119
8681629,HV356669,060XX S CHAMPLAIN AVE,910,MOTOR VEHICLE THEFT,AUTOMOBILE,STREET,FALSE,FALSE,313,3,20,42,7,2012,-87.60970089,41.78494488
9556192,HX207970,001XX N KARLOV AVE,910,MOTOR VEHICLE THEFT,AUTOMOBILE,STREET,FALSE,FALSE,1114,11,28,26,7,2014,-87.72816673,41.8823436
5136468,HM733422,002XX N WOLCOTT AVE,910,MOTOR VEHICLE THEFT,AUTOMOBILE,STREET,FALSE,FALSE,1333,12,27,28,7,2006,-87.67431227,41.88568879
2116573,HH352862,071XX S MICHIGAN AVE,910,MOTOR VEHICLE THEFT,AUTOMOBILE,OTHER,FALSE,FALSE,323,3,6,69,7,2002,-87.621679,41.76512359
1819413,G652158,035XX W FRANKLIN BL,910,MOTOR VEHICLE THEFT,AUTOMOBILE,STREET,TRUE,FALSE,1121,11,,,7,2001,-87.71433947,41.890091
9651438,HX301095,056XX S PEORIA ST,920,MOTOR VEHICLE THEFT,ATT: AUTOMOBILE,STREET,FALSE,FALSE,712,7,20,68,7,2014,-87.64752354,41.79171928
9974424,HY163644,031XX W 66TH ST,910,MOTOR VEHICLE THEFT,AUTOMOBILE,STREET,FALSE,FALSE,831,8,15,66,7,2015,-87.70120071,41.77352791
6723496,HR140766,054XX W POTOMAC AVE,910,MOTOR VEHICLE THEFT,AUTOMOBILE,STREET,FALSE,FALSE,2532,25,37,25,7,2009,-87.76220641,41.9039889
2316019,HH605275,054XX S SPAULDING AVE,915,MOTOR VEHICLE THEFT,"TRUCK, BUS, MOTOR HOME",STREET,FALSE,FALSE,822,8,14,63,7,2002,-87.70603255,41.7945894
2859254,HJ513676,078XX S ASHLAND AVE,930,MOTOR VEHICLE THEFT,THEFT/RECOVERY: AUTOMOBILE,ALLEY,FALSE,FALSE,612,6,17,71,7,2003,-87.66346299,41.75131301
2103277,HH337319,023XX N KEATING AVE,910,MOTOR VEHICLE THEFT,AUTOMOBILE,STREET,FALSE,FALSE,2522,25,31,19,7,2002,-87.74505509,41.92318331
2169996,HH423186,046XX S CHRISTIANA AVE,910,MOTOR VEHICLE THEFT,AUTOMOBILE,STREET,FALSE,FALSE,821,8,14,58,7,2002,-87.70760798,41.80944182
5733472,HN543219,061XX S MAPLEWOOD AVE,910,MOTOR VEHICLE THEFT,AUTOMOBILE,STREET,FALSE,FALSE,825,8,15,66,7,2007,-87.68739352,41.78239751
10707046,HZ463811,0000X W CTA OHARE PLATFORM ST,1150,DECEPTIVE PRACTICE,CREDIT CARD FRAUD,CTA TRAIN,FALSE,FALSE,1654,16,41,76,11,2016,-87.90412276,41.97810845
5904817,HN702776,005XX N KINGSBURY ST,1150,DECEPTIVE PRACTICE,CREDIT CARD FRAUD,RESTAURANT,FALSE,FALSE,1831,18,42,8,11,2007,-87.63939736,41.89090025
7195847,HR607189,059XX N LINCOLN AVE,1210,DECEPTIVE PRACTICE,THEFT OF LABOR/SERVICES,RESTAURANT,FALSE,FALSE,2011,20,40,2,11,2009,-87.70486783,41.98889458
1826250,G654957,016XX E 95 ST,1120,DECEPTIVE PRACTICE,FORGERY,BANK,FALSE,FALSE,431,4,,,10,2001,-87.58307441,41.72225893
3761051,HL131736,078XX S WINCHESTER AVE,1150,DECEPTIVE PRACTICE,CREDIT CARD FRAUD,RESIDENCE,FALSE,TRUE,611,6,18,71,11,2005,-87.67195845,41.75161195
5713696,HN519755,023XX W GRAND AVE,1220,DECEPTIVE PRACTICE,THEFT OF LOST/MISLAID PROP,STREET,TRUE,FALSE,1313,12,26,24,11,2007,-87.68507699,41.89068696
1803248,G629024,046XX N DELPHIA AV,1130,DECEPTIVE PRACTICE,FRAUD OR CONFIDENCE GAME,OTHER,FALSE,FALSE,1614,16,,,11,2001,-87.84187255,41.96483755
3864164,HL239939,004XX N STATE ST,1206,DECEPTIVE PRACTICE,"THEFT BY LESSEE,MOTOR VEH",STREET,TRUE,FALSE,1834,18,42,8,11,2004,-87.62799483,41.88945317
3300223,HK328522,016XX W HOWARD ST,1220,DECEPTIVE PRACTICE,THEFT OF LOST/MISLAID PROP,CTA PLATFORM,TRUE,FALSE,2422,24,49,1,11,2004,-87.67275327,42.0193833
2723161,HJ349966,035XX W 77TH PL,1150,DECEPTIVE PRACTICE,CREDIT CARD FRAUD,RESIDENCE,FALSE,FALSE,835,8,18,70,11,2003,-87.71067256,41.75241282
1580040,G345035,087XX S DR MARTN LUTHR KING JR DR,1110,DECEPTIVE PRACTICE,BOGUS CHECK,BANK,FALSE,FALSE,632,6,,,11,2001,-87.61467513,41.73645417
11057640,JA394755,021XX W CRYSTAL ST,1150,DECEPTIVE PRACTICE,CREDIT CARD FRAUD,RESIDENCE,FALSE,FALSE,1424,14,32,24,11,2017,-87.68053721,41.9040641
10327846,HY518743,079XX S MORGAN ST,1153,DECEPTIVE PRACTICE,FINANCIAL IDENTITY THEFT OVER $ 300,RESIDENCE,FALSE,FALSE,621,6,17,71,11,2015,-87.64886469,41.7497423
11178752,JA550741,029XX W BERTEAU AVE,1153,DECEPTIVE PRACTICE,FINANCIAL IDENTITY THEFT OVER $ 300,OTHER,FALSE,FALSE,1724,17,33,16,11,2017,-87.70152846,41.95758135
2225484,HH493814,034XX N CLARK ST,1210,DECEPTIVE PRACTICE,THEFT OF LABOR/SERVICES,RESTAURANT,TRUE,FALSE,1924,19,44,6,11,2002,-87.65386761,41.94391468
10760731,HZ523997,0000X S MAYFIELD AVE,1153,DECEPTIVE PRACTICE,FINANCIAL IDENTITY THEFT OVER $ 300,APARTMENT,FALSE,FALSE,1513,15,29,25,11,2014,,
1438213,G161722,011XX W WILSON AV,1210,DECEPTIVE PRACTICE,THEFT OF LABOR/SERVICES,CTA PLATFORM,TRUE,FALSE,2311,19,,,11,2001,-87.65785443,41.96528267
10268721,HY455698,046XX W DIVERSEY AVE,1153,DECEPTIVE PRACTICE,FINANCIAL IDENTITY THEFT OVER $ 300,BANK,FALSE,FALSE,2521,25,31,20,11,2015,-87.74295666,41.93158085
2003966,HH208082,057XX S CICERO AV,1130,DECEPTIVE PRACTICE,FRAUD OR CONFIDENCE GAME,AIRPORT/AIRCRAFT,TRUE,FALSE,813,8,,,11,2002,-87.74147999,41.78898704
8210615,HT404945,080XX S ESCANABA AVE,1152,DECEPTIVE PRACTICE,ILLEGAL USE CASH CARD,RESIDENCE,FALSE,FALSE,422,4,7,46,11,2011,-87.55406744,41.74945679
3842013,HL213843,004XX E 40TH ST,031A,ROBBERY,ARMED: HANDGUN,STREET,FALSE,FALSE,213,2,3,38,3,2005,-87.61549337,41.82116453
4810471,HM422467,027XX W ARDMORE AVE,320,ROBBERY,STRONGARM - NO WEAPON,STREET,TRUE,FALSE,2011,20,40,2,3,2006,-87.69862481,41.98676092
10882712,JA192460,036XX W ROOSEVELT RD,031A,ROBBERY,ARMED: HANDGUN,STREET,FALSE,FALSE,1133,11,24,29,3,2017,-87.71572561,41.86628662
4110831,HL446401,042XX W 26TH ST,325,ROBBERY,VEHICULAR HIJACKING,STREET,FALSE,FALSE,1031,10,22,30,3,2005,-87.73073233,41.84416527
7578055,HS330202,119XX S MICHIGAN AVE,320,ROBBERY,STRONGARM - NO WEAPON,STREET,FALSE,FALSE,532,5,9,53,3,2010,-87.62050376,41.67783055
6588112,HP661088,043XX W WALTON ST,031A,ROBBERY,ARMED: HANDGUN,STREET,FALSE,FALSE,1111,11,37,23,3,2008,-87.73454643,41.89796161
2666808,HJ281736,084XX S MAY ST,031A,ROBBERY,ARMED: HANDGUN,STREET,FALSE,FALSE,613,6,21,71,3,2003,-87.65226674,41.74095603
5260944,HN136243,036XX N WESTERN AVE,320,ROBBERY,STRONGARM - NO WEAPON,RESTAURANT,TRUE,FALSE,1912,19,47,5,3,2007,-87.68827183,41.94727721
2906269,HJ580490,036XX W DIVISION ST,031A,ROBBERY,ARMED: HANDGUN,PARKING LOT/GARAGE(NON.RESID.),FALSE,FALSE,1112,11,27,23,3,2003,-87.7181662,41.90274056
8536808,HV213648,055XX S JUSTINE ST,031A,ROBBERY,ARMED: HANDGUN,RESIDENCE,FALSE,FALSE,713,7,16,67,3,2012,-87.66333147,41.79319294
8841511,HV514287,046XX N SACRAMENTO AVE,320,ROBBERY,STRONGARM - NO WEAPON,SIDEWALK,TRUE,FALSE,1713,17,33,14,3,2012,-87.70350763,41.96604713
3046354,HJ753917,052XX W ADDISON ST,031A,ROBBERY,ARMED: HANDGUN,GAS STATION,FALSE,FALSE,1634,16,38,15,3,2003,-87.75753456,41.94599344
10831592,JA133264,009XX N MASSASOIT AVE,031A,ROBBERY,ARMED: HANDGUN,STREET,FALSE,FALSE,1511,15,29,25,3,2017,-87.76913101,41.89729974
2953056,HJ642080,071XX W HIGGINS AVE,312,ROBBERY,ARMED:KNIFE/CUTTING INSTRUMENT,STREET,FALSE,FALSE,1613,16,41,10,3,2003,-87.80543826,41.98077882
11184062,JA557966,001XX S OAKLEY BLVD,031A,ROBBERY,ARMED: HANDGUN,VEHICLE NON-COMMERCIAL,FALSE,FALSE,1223,12,2,28,3,2017,-87.68392799,41.87975288
8875058,HV548880,067XX S STATE ST,330,ROBBERY,AGGRAVATED,GAS STATION,FALSE,FALSE,322,3,6,69,3,2012,-87.62511546,41.77228548
7410895,HR480844,126XX S EMERALD AVE,326,ROBBERY,AGGRAVATED VEHICULAR HIJACKING,STREET,FALSE,FALSE,523,5,34,53,3,2009,-87.64025723,41.66442451
9425197,HW568748,081XX S PERRY AVE,031A,ROBBERY,ARMED: HANDGUN,RESIDENTIAL YARD (FRONT/BACK),FALSE,FALSE,622,6,21,44,3,2013,-87.62692021,41.74678558
2164207,HH405177,041XX W GLADYS AVE,312,ROBBERY,ARMED:KNIFE/CUTTING INSTRUMENT,STREET,FALSE,FALSE,1132,11,28,26,3,2002,-87.72930487,41.87613113
4136958,HL472862,107XX S LA SALLE ST,031A,ROBBERY,ARMED: HANDGUN,ALLEY,FALSE,FALSE,513,5,34,49,3,2005,-87.62687911,41.69937177
1570987,G326063,029XX S DEARBORN ST,1350,CRIMINAL TRESPASS,TO STATE SUP LAND,CHA PARKING LOT/GROUNDS,TRUE,FALSE,2113,2,,,26,2001,-87.62781857,41.83969609
4084479,HL424420,027XX S STATE ST,1350,CRIMINAL TRESPASS,TO STATE SUP LAND,CHA PARKING LOT/GROUNDS,TRUE,FALSE,2113,1,3,35,26,2005,-87.62692325,41.84402377
11056591,JA393243,094XX S HARVARD AVE,1365,CRIMINAL TRESPASS,TO RESIDENCE,RESIDENCE,TRUE,FALSE,634,6,21,49,26,2017,-87.63211253,41.72323003
7174283,HR585012,043XX W 79TH ST,1330,CRIMINAL TRESPASS,TO LAND,"SCHOOL, PUBLIC, GROUNDS",TRUE,FALSE,834,8,13,70,26,2009,-87.7304466,41.74941446
11106461,JA455629,079XX S HALSTED ST,1330,CRIMINAL TRESPASS,TO LAND,RESTAURANT,TRUE,FALSE,621,6,17,71,26,2017,-87.64403074,41.75011132
8693981,HV369974,062XX S TALMAN AVE,1330,CRIMINAL TRESPASS,TO LAND,ALLEY,TRUE,FALSE,825,8,15,66,26,2012,-87.68977465,41.78040754
5827212,HN637742,025XX N PULASKI RD,1330,CRIMINAL TRESPASS,TO LAND,GAS STATION,TRUE,FALSE,2524,25,31,22,26,2007,-87.72684967,41.92723512
9413737,HW557360,004XX S STATE ST,1330,CRIMINAL TRESPASS,TO LAND,LIBRARY,TRUE,FALSE,113,1,2,32,26,2013,-87.62764406,41.87660796
3064175,HJ776916,003XX S MAPLEWOOD AVE,1350,CRIMINAL TRESPASS,TO STATE SUP LAND,CHA HALLWAY/STAIRWELL/ELEVATOR,TRUE,FALSE,1125,11,2,28,26,2003,-87.69007438,41.87688955
2774880,HJ419340,031XX S DEARBORN ST,1330,CRIMINAL TRESPASS,TO LAND,COLLEGE/UNIVERSITY GROUNDS,TRUE,FALSE,2113,2,3,35,26,2003,-87.62792157,41.83766871
2100965,HH329720,005XX E 36TH PL,1350,CRIMINAL TRESPASS,TO STATE SUP LAND,CHA PARKING LOT/GROUNDS,TRUE,FALSE,212,2,4,35,26,2002,-87.61306155,41.82831734
5635192,HM802052,039XX S COTTAGE GROVE AVE,1360,CRIMINAL TRESPASS,TO VEHICLE,STREET,FALSE,FALSE,213,2,4,38,26,2006,-87.60684825,41.82228198
3081572,HJ804627,002XX W ADAMS ST,1330,CRIMINAL TRESPASS,TO LAND,BANK,TRUE,FALSE,112,1,2,32,26,2003,-87.63428935,41.87937913
6777303,HR190881,047XX N WESTERN AVE,1330,CRIMINAL TRESPASS,TO LAND,BANK,FALSE,FALSE,1911,19,47,4,26,2009,-87.68886902,41.96754381
1762743,G575031,0000X W 87 ST,1330,CRIMINAL TRESPASS,TO LAND,PARKING LOT/GARAGE(NON.RESID.),TRUE,FALSE,634,6,,,26,2001,-87.62695987,41.73614614
1427912,G122095,039XX N ASHLAND AV,1505,PROSTITUTION,CALL OPERATION,RESIDENCE,TRUE,FALSE,1923,19,,,16,2001,-87.66889815,41.95414251
5784844,HN595319,070XX N CLARK ST,1506,PROSTITUTION,SOLICIT ON PUBLIC WAY,SIDEWALK,TRUE,FALSE,2424,24,49,1,16,2007,-87.6741476,42.00980315
1553689,G302291,026XX W MADISON ST,1506,PROSTITUTION,SOLICIT ON PUBLIC WAY,STREET,TRUE,FALSE,1125,11,,,16,2001,-87.69213,41.88099546
1367327,G057394,046XX S CICERO AV,1513,PROSTITUTION,SOLICIT FOR BUSINESS,STREET,TRUE,FALSE,814,8,,,16,2001,-87.74330304,41.80771246
5228794,HM590468,010XX N STATE ST,1506,PROSTITUTION,SOLICIT ON PUBLIC WAY,STREET,TRUE,FALSE,1824,18,42,8,16,2006,-87.62831264,41.90062965
8789017,HV463112,0000X N KENTON AVE,1506,PROSTITUTION,SOLICIT ON PUBLIC WAY,STREET,TRUE,FALSE,1113,11,28,25,16,2012,-87.74009605,41.88094316
3680034,HK749575,002XX N LARAMIE AVE,143A,WEAPONS VIOLATION,UNLAWFUL POSS OF HANDGUN,RESIDENCE,FALSE,FALSE,1532,15,28,25,15,2004,-87.75522715,41.88481014
7357439,HS100098,070XX S ROCKWELL ST,143B,WEAPONS VIOLATION,UNLAWFUL POSS OTHER FIREARM,RESIDENCE,TRUE,FALSE,831,8,18,66,15,2010,-87.68817109,41.76590865
9432406,HW576249,012XX S KEDVALE AVE,143A,WEAPONS VIOLATION,UNLAWFUL POSS OF HANDGUN,RESIDENCE,TRUE,FALSE,1011,10,24,29,15,2013,-87.72881253,41.86525306
3426362,HK485601,067XX S THROOP ST,143A,WEAPONS VIOLATION,UNLAWFUL POSS OF HANDGUN,SIDEWALK,TRUE,FALSE,724,7,17,67,15,2004,-87.65671355,41.7714523
2269553,HH460583,021XX N ST LOUIS AVE,143A,WEAPONS VIOLATION,UNLAWFUL POSS OF HANDGUN,STREET,TRUE,FALSE,1413,14,26,22,15,2002,-87.71357149,41.91937884
4965099,HM576559,087XX S ESCANABA AVE,143A,WEAPONS VIOLATION,UNLAWFUL POSS OF HANDGUN,RESIDENCE,TRUE,FALSE,423,4,10,46,15,2006,-87.55417668,41.73648247
4317595,HL611297,055XX S SACRAMENTO AVE,470,PUBLIC PEACE VIOLATION,RECKLESS CONDUCT,SIDEWALK,FALSE,FALSE,824,8,14,63,24,2005,-87.69866833,41.79314936
8681171,HV356389,046XX S LEAMINGTON AVE,470,PUBLIC PEACE VIOLATION,RECKLESS CONDUCT,STREET,TRUE,FALSE,814,8,23,56,24,2012,-87.75174831,41.80874896
9551405,HX203242,063XX S EBERHART AVE,470,PUBLIC PEACE VIOLATION,RECKLESS CONDUCT,SIDEWALK,TRUE,FALSE,312,3,20,42,24,2014,-87.61319748,41.7798268
2075734,HH292682,016XX W BRYN MAWR AV,2850,PUBLIC PEACE VIOLATION,BOMB THREAT,"SCHOOL, PRIVATE, BUILDING",FALSE,FALSE,2012,20,,,26,2002,,
1806896,G635735,0000X N HERMITAGE AV,2850,PUBLIC PEACE VIOLATION,BOMB THREAT,"SCHOOL, PUBLIC, BUILDING",TRUE,FALSE,1333,12,,,26,2001,-87.67071922,41.88298425
5766654,HN567387,026XX W BELMONT AVE,1754,OFFENSE INVOLVING CHILDREN,AGG SEX ASSLT OF CHILD FAM MBR,CHURCH/SYNAGOGUE/PLACE OF WORSHIP,FALSE,FALSE,1411,14,1,21,2,2007,-87.69410322,41.93941471
6986273,HR391350,015XX S KOLIN AVE,1753,OFFENSE INVOLVING CHILDREN,SEX ASSLT OF CHILD BY FAM MBR,APARTMENT,FALSE,TRUE,1012,10,24,29,2,2009,-87.73354382,41.85985521
5176248,HM768251,076XX S CAMPBELL AVE,1751,OFFENSE INVOLVING CHILDREN,CRIM SEX ABUSE BY FAM MEMBER,RESIDENCE,TRUE,FALSE,835,8,18,70,20,2006,-87.6854103,41.75467441
8159639,HT394616,077XX S SOUTH SHORE DR,1752,OFFENSE INVOLVING CHILDREN,AGG CRIM SEX ABUSE FAM MEMBER,RESIDENCE,FALSE,FALSE,421,4,7,43,20,2011,-87.55295175,41.75655146
2382981,HH688935,057XX S HALSTED ST,291,CRIM SEXUAL ASSAULT,ATTEMPT NON-AGGRAVATED,ALLEY,FALSE,FALSE,712,7,16,68,2,2002,-87.64505342,41.79021162
3588432,HK677648,022XX N KOSTNER AVE,281,CRIM SEXUAL ASSAULT,NON-AGGRAVATED,APARTMENT,TRUE,FALSE,2522,25,31,20,2,2004,-87.73646425,41.92157476
1455002,G158614,059XX S GREEN ST,261,CRIM SEXUAL ASSAULT,AGGRAVATED: HANDGUN,ALLEY,FALSE,FALSE,712,7,,,2,2001,-87.64633171,41.78691515
3280399,HK310265,049XX W FOSTER AVE,1562,SEX OFFENSE,AGG CRIMINAL SEXUAL ABUSE,CHURCH/SYNAGOGUE/PLACE OF WORSHIP,FALSE,FALSE,1623,16,45,12,17,2004,-87.75214432,41.97527996
6906555,HR314298,007XX W 49TH PL,1585,SEX OFFENSE,OTHER,STREET,TRUE,FALSE,935,9,3,61,17,2009,-87.64398897,41.80433829
8169210,HT404326,023XX N MASON AVE,1562,SEX OFFENSE,AGG CRIMINAL SEXUAL ABUSE,RESIDENCE PORCH/HALLWAY,TRUE,FALSE,2515,25,37,19,17,2011,-87.77445359,41.92253708
10070513,HY259084,056XX S WOOD ST,3710,INTERFERENCE WITH PUBLIC OFFICER,RESIST/OBSTRUCT/DISARM OFFICER,STREET,FALSE,FALSE,715,7,15,67,24,2015,-87.6693793,41.79169949
4072241,HL415544,031XX W FLOURNOY ST,3750,INTERFERENCE WITH PUBLIC OFFICER,ESCAPE,POLICE FACILITY/VEH PARKING LOT,TRUE,FALSE,1134,11,24,27,24,2005,-87.70464797,41.87279076
6183080,HP265256,013XX N HUDSON AVE,1661,GAMBLING,GAME/DICE,SIDEWALK,TRUE,FALSE,1821,18,27,8,19,2008,-87.6396809,41.90712313
6987751,HR392537,070XX S TALMAN AVE,1661,GAMBLING,GAME/DICE,SIDEWALK,TRUE,FALSE,831,8,18,66,19,2009,-87.68938994,41.76572065
3987219,HL266884,024XX N CLARK ST,2210,LIQUOR LAW VIOLATION,SELL/GIVE/DEL LIQUOR TO MINOR,CONVENIENCE STORE,TRUE,FALSE,2333,19,43,7,22,2005,-87.64089934,41.92626872
3266814,HK238408,093XX S STONY ISLAND AVE,2230,LIQUOR LAW VIOLATION,ILLEGAL CONSUMPTION BY MINOR,ALLEY,TRUE,FALSE,413,4,8,48,22,2004,-87.58496589,41.72530099
9692995,HX343113,132XX S RIVERDALE AVE,1025,ARSON,AGGRAVATED,RESIDENCE,FALSE,FALSE,533,5,9,54,9,2014,-87.60952871,41.65371054
4607081,HM195342,001XX W 118TH ST,1020,ARSON,BY FIRE,RESIDENCE,FALSE,FALSE,522,5,34,53,9,2006,-87.62587044,41.67980945
21149,HW519443,044XX S RICHMOND ST,110,HOMICIDE,FIRST DEGREE MURDER,HOUSE,TRUE,TRUE,922,9,14,58,01A,2013,-87.69802859,41.81299523
23469,JA359626,015XX E 82ND ST,110,HOMICIDE,FIRST DEGREE MURDER,STREET,FALSE,FALSE,411,4,8,45,01A,2017,-87.58637073,41.74601319
5276766,HN144152,050XX W VAN BUREN ST,1792,KIDNAPPING,CHILD ABDUCTION/STRANGER,STREET,FALSE,FALSE,1533,15,29,25,20,2007,-87.75024931,41.87490841
5738893,HN544458,016XX E 87TH ST,3960,INTIMIDATION,INTIMIDATION,SMALL RETAIL STORE,FALSE,FALSE,412,4,8,45,26,2007,-87.58439122,41.73693038
9094512,HW238778,038XX N SPAULDING AVE,583,STALKING,CYBERSTALKING,RESIDENCE,FALSE,TRUE,1733,17,33,16,08A,2013,-87.71038332,41.95098326
11233321,JB155558,036XX W 81ST ST,1540,OBSCENITY,OBSCENE MATTER,RESIDENCE,TRUE,TRUE,834,8,18,70,17,2018,-87.71318989,41.74598005
10270593,HY458571,059XX W CHICAGO AVE,1480,CONCEALED CARRY LICENSE VIOLATION,OTHER,SIDEWALK,TRUE,FALSE,1511,15,29,25,15,2015,-87.77363824,41.89473398
10626372,HZ378869,008XX W 76TH ST,1536,PUBLIC INDECENCY,LICENSED PREMISE,SIDEWALK,TRUE,FALSE,621,6,17,71,17,2016,-87.64448713,41.75609664
10625887,HZ378355,054XX N ELSTON AVE,5093,NON-CRIMINAL,LOST PASSPORT,GOVERNMENT BUILDING/PROPERTY,FALSE,FALSE,1621,16,45,11,26,2016,-87.75882076,41.97959452
9608166,HX258445,010XX N WELLS ST,1900,OTHER NARCOTIC VIOLATION,INTOXICATING COMPOUNDS,SIDEWALK,TRUE,FALSE,1823,18,27,8,18,2014,-87.63436132,41.90073798
10453948,HZ192829,028XX E 79TH ST,1055,HUMAN TRAFFICKING,INVOLUNTARY SERVITUDE,APARTMENT,FALSE,FALSE,422,4,7,46,26,2016,-87.554826,41.75188515
10397129,HZ133234,006XX W HARRISON ST,5114,NON - CRIMINAL,FOID - REVOCATION,STREET,FALSE,FALSE,124,1,2,28,26,2016,-87.64301304,41.87436328
3269495,HJ747227,012XX W 81ST ST,510,RITUALISM,AGG RIT MUT: HANDS/FIST/FEET SERIOUS INJURY,OTHER,FALSE,FALSE,612,6,21,71,04B,2003,-87.65394139,41.74685249
10840565,JA143710,009XX N KARLOV AVE,5073,NON-CRIMINAL (SUBJECT SPECIFIED),NOTIFICATION OF CIVIL NO CONTACT ORDER,RESIDENCE,FALSE,TRUE,1111,11,37,23,26,2017,-87.72862232,41.89789489
1326195,G021609,087XX S ESCANABA AV,9901,DOMESTIC VIOLENCE,DOMESTIC VIOLENCE,APARTMENT,TRUE,TRUE,423,4,,,08B,2001,-87.55431961,41.73617608
